2026-09-25T09:00:02.042+05:30 INFO [api-prod-2] app: ledgerly-api 1.4.0 (ledgerly-web 3.8.1) starting, workers=4, db pool size=10
2026-09-25T09:00:02.095+05:30 INFO [api-prod-1] app: ledgerly-api 1.4.0 (ledgerly-web 3.8.1) starting, workers=4, db pool size=10
2026-09-25T09:00:05.120+05:30 INFO [worker-prod-1] jobs: scheduler up (reminders 10:30, reconcile-payments 14:00, reminders 17:00)
2026-09-25T09:00:55.756+05:30 INFO [api-prod-2] http: POST /v1/invoices 201 154ms request_id=req_4f9ddad5
2026-09-25T09:01:13.332+05:30 INFO [api-prod-1] http: POST /v1/invoices 201 173ms request_id=req_67563a2b
2026-09-25T09:01:24.771+05:30 INFO [api-prod-2] http: POST /v1/invoices 201 135ms request_id=req_d275d59d
2026-09-25T09:02:03.017+05:30 INFO [api-prod-1] http: GET /v1/dashboard/summary 200 85ms request_id=req_5132ebe3
2026-09-25T09:02:14.336+05:30 INFO [api-prod-2] http: GET /v1/dashboard/summary 200 140ms request_id=req_2d0c3264
2026-09-25T09:02:44.417+05:30 INFO [api-prod-1] http: POST /v1/invoices 201 147ms request_id=req_c200121d
2026-09-25T09:03:23.287+05:30 INFO [api-prod-1] http: GET /v1/invoices?page=2 200 106ms request_id=req_fbefae65
2026-09-25T09:03:47.518+05:30 INFO [api-prod-1] http: GET /v1/invoices?status=sent 200 66ms request_id=req_95249848
2026-09-25T09:04:20.000+05:30 INFO [api-prod-2] http: GET /v1/customers/1067 200 13ms request_id=req_ed530006
2026-09-25T09:04:43.530+05:30 INFO [api-prod-1] http: GET /v1/invoices/202 200 33ms request_id=req_cfe47b55
2026-09-25T09:05:04.021+05:30 INFO [api-prod-2] http: GET /v1/invoices?page=2 200 44ms request_id=req_bb1e4bff
2026-09-25T09:05:19.067+05:30 INFO [api-prod-1] http: GET /v1/invoices?page=1 200 72ms request_id=req_f5895665
2026-09-25T09:05:56.214+05:30 INFO [api-prod-2] http: GET /v1/invoices/628 200 41ms request_id=req_924ef5ac
2026-09-25T09:06:33.587+05:30 INFO [api-prod-2] http: POST /v1/invoices 201 78ms request_id=req_88ef9d85
2026-09-25T09:06:49.188+05:30 INFO [api-prod-1] http: GET /v1/invoices?status=sent 200 61ms request_id=req_56d7360a
2026-09-25T09:07:09.457+05:30 INFO [api-prod-1] http: GET /v1/dashboard/summary 200 40ms request_id=req_685fe895
2026-09-25T09:07:23.432+05:30 INFO [api-prod-2] http: GET /v1/invoices/612 200 81ms request_id=req_b723f542
2026-09-25T09:07:48.469+05:30 INFO [api-prod-2] http: GET /v1/invoices?page=1 200 31ms request_id=req_84059e0b
2026-09-25T09:08:24.822+05:30 INFO [api-prod-1] http: POST /v1/invoices 201 88ms request_id=req_72e5c58e
2026-09-25T09:08:50.566+05:30 INFO [api-prod-1] http: GET /v1/customers/1055 200 33ms request_id=req_0b8b98de
2026-09-25T09:09:12.118+05:30 INFO [api-prod-1] http: GET /v1/dashboard/summary 200 90ms request_id=req_17336243
2026-09-25T09:09:47.819+05:30 INFO [api-prod-2] http: GET /v1/customers/1063 200 89ms request_id=req_f95fcc58
2026-09-25T09:10:23.127+05:30 INFO [api-prod-2] http: GET /v1/invoices?status=sent 200 51ms request_id=req_10851cba
2026-09-25T09:10:51.525+05:30 INFO [api-prod-2] http: GET /v1/invoices?page=1 200 92ms request_id=req_e4531987
2026-09-25T09:11:10.683+05:30 INFO [api-prod-1] http: GET /v1/invoices?page=2 200 69ms request_id=req_641ca23e
2026-09-25T09:11:23.663+05:30 INFO [api-prod-2] http: GET /v1/dashboard/summary 200 50ms request_id=req_86fa1949
2026-09-25T09:11:49.735+05:30 INFO [api-prod-2] http: GET /v1/invoices?page=1 200 132ms request_id=req_47c9e461
2026-09-25T09:12:07.499+05:30 INFO [api-prod-2] http: GET /v1/invoices?status=sent 200 119ms request_id=req_5e37876f
2026-09-25T09:12:32.128+05:30 INFO [api-prod-1] http: GET /v1/dashboard/summary 200 56ms request_id=req_ee8452ee
2026-09-25T09:12:46.255+05:30 INFO [api-prod-1] http: POST /v1/invoices 201 173ms request_id=req_1d419ea9
2026-09-25T09:13:02.840+05:30 INFO [api-prod-1] http: GET /v1/invoices/525 200 69ms request_id=req_3cac2b6b
2026-09-25T09:13:12.341+05:30 INFO [api-prod-1] http: GET /v1/invoices?status=sent 200 46ms request_id=req_11f572fa
2026-09-25T09:13:50.140+05:30 INFO [api-prod-2] http: GET /v1/invoices?page=2 200 34ms request_id=req_e710fb12
2026-09-25T09:14:08.518+05:30 INFO [api-prod-2] http: GET /v1/invoices?page=1 200 33ms request_id=req_dbab4f8b
2026-09-25T09:14:19.921+05:30 INFO [api-prod-1] http: GET /v1/invoices?page=2 200 128ms request_id=req_4fa8a004
2026-09-25T09:14:48.813+05:30 INFO [api-prod-2] http: GET /v1/invoices?page=2 200 68ms request_id=req_b97c0511
2026-09-25T09:15:22.902+05:30 INFO [api-prod-2] http: GET /v1/invoices?page=2 200 121ms request_id=req_d6203d53
2026-09-25T09:15:36.737+05:30 INFO [api-prod-1] http: GET /v1/invoices/83 200 55ms request_id=req_f8572c69
2026-09-25T09:16:03.103+05:30 INFO [api-prod-2] http: GET /v1/invoices?page=1 200 44ms request_id=req_7f713353
2026-09-25T09:16:24.681+05:30 INFO [api-prod-1] http: GET /v1/customers/1023 200 126ms request_id=req_a70a6289
2026-09-25T09:16:52.896+05:30 INFO [api-prod-1] http: GET /v1/invoices/505 200 123ms request_id=req_d40fd6d3
2026-09-25T09:17:14.473+05:30 INFO [api-prod-1] http: POST /v1/invoices 201 131ms request_id=req_13356b23
2026-09-25T09:17:49.630+05:30 INFO [api-prod-2] http: GET /v1/invoices?status=sent 200 63ms request_id=req_964b4c0b
2026-09-25T09:18:14.127+05:30 INFO [api-prod-1] http: GET /v1/invoices?page=1 200 134ms request_id=req_c4ba3578
2026-09-25T09:18:29.747+05:30 INFO [api-prod-1] http: GET /v1/invoices?page=1 200 105ms request_id=req_d8537ccd
2026-09-25T09:18:48.765+05:30 INFO [api-prod-1] http: GET /v1/dashboard/summary 200 67ms request_id=req_42ad3483
2026-09-25T09:19:11.140+05:30 INFO [api-prod-1] http: GET /v1/customers/1015 200 23ms request_id=req_1471483c
2026-09-25T09:19:38.897+05:30 INFO [api-prod-2] http: POST /v1/invoices 201 58ms request_id=req_f57532a1
2026-09-25T09:20:04.514+05:30 INFO [api-prod-1] http: GET /v1/invoices?status=sent 200 39ms request_id=req_513be436
2026-09-25T09:20:23.952+05:30 INFO [api-prod-2] http: GET /v1/invoices?status=sent 200 23ms request_id=req_d0b5a4cc
2026-09-25T09:21:04.557+05:30 INFO [api-prod-2] http: GET /v1/invoices?page=2 200 70ms request_id=req_e1a94353
2026-09-25T09:21:39.713+05:30 INFO [api-prod-1] http: GET /v1/invoices/348 200 76ms request_id=req_cd4a6d95
2026-09-25T09:21:49.551+05:30 INFO [api-prod-2] http: GET /v1/invoices?page=1 200 84ms request_id=req_39ac1e8d
2026-09-25T09:21:59.439+05:30 INFO [api-prod-1] http: GET /v1/invoices?page=1 200 41ms request_id=req_384e80e5
2026-09-25T09:22:33.122+05:30 INFO [api-prod-2] http: GET /v1/dashboard/summary 200 29ms request_id=req_2d41093b
2026-09-25T09:22:42.124+05:30 INFO [api-prod-2] http: GET /v1/dashboard/summary 200 61ms request_id=req_40debf92
2026-09-25T09:23:12.677+05:30 INFO [api-prod-2] http: POST /v1/invoices 201 60ms request_id=req_86ee3feb
2026-09-25T09:23:50.385+05:30 INFO [api-prod-2] http: POST /v1/invoices 201 100ms request_id=req_26836273
2026-09-25T09:24:18.459+05:30 INFO [api-prod-2] http: GET /v1/invoices?status=sent 200 88ms request_id=req_a89f81f7
2026-09-25T09:24:30.564+05:30 INFO [api-prod-1] http: GET /v1/invoices?page=1 200 18ms request_id=req_94eb30ce
2026-09-25T09:24:42.345+05:30 INFO [api-prod-2] http: GET /v1/dashboard/summary 200 62ms request_id=req_4e109149
2026-09-25T09:25:17.689+05:30 INFO [api-prod-2] http: GET /v1/dashboard/summary 200 94ms request_id=req_3c2be497
2026-09-25T09:25:51.136+05:30 INFO [api-prod-2] http: GET /v1/invoices?page=1 200 70ms request_id=req_5d5c50bd
2026-09-25T09:26:22.336+05:30 INFO [api-prod-1] http: POST /v1/invoices 201 170ms request_id=req_50f30dcb
2026-09-25T09:26:45.235+05:30 INFO [api-prod-1] http: POST /v1/invoices 201 142ms request_id=req_0dae7f84
2026-09-25T09:27:23.512+05:30 INFO [api-prod-2] http: GET /v1/invoices?page=1 200 110ms request_id=req_a3d43df1
2026-09-25T09:27:44.711+05:30 INFO [api-prod-1] http: POST /v1/invoices 201 138ms request_id=req_8e5da09f
2026-09-25T09:28:09.480+05:30 INFO [api-prod-2] http: GET /v1/invoices?page=1 200 80ms request_id=req_155671e4
2026-09-25T09:28:28.279+05:30 INFO [api-prod-2] http: GET /v1/invoices?page=2 200 29ms request_id=req_1753b989
2026-09-25T09:28:37.749+05:30 INFO [api-prod-1] http: GET /v1/dashboard/summary 200 89ms request_id=req_a953ca6f
2026-09-25T09:29:04.494+05:30 INFO [api-prod-2] http: GET /v1/invoices?page=1 200 86ms request_id=req_fe581fc2
2026-09-25T09:29:29.181+05:30 INFO [api-prod-2] http: GET /v1/invoices?page=1 200 42ms request_id=req_47375f3a
2026-09-25T09:30:08.024+05:30 INFO [api-prod-2] http: GET /v1/invoices?status=sent 200 21ms request_id=req_9462d192
2026-09-25T09:30:39.147+05:30 INFO [api-prod-2] http: GET /v1/customers/1051 200 26ms request_id=req_02222e18
2026-09-25T09:30:50.393+05:30 INFO [api-prod-2] http: GET /v1/dashboard/summary 200 17ms request_id=req_c8c343fd
2026-09-25T09:31:03.586+05:30 INFO [api-prod-2] http: POST /v1/invoices 201 163ms request_id=req_77ce3111
2026-09-25T09:31:18.844+05:30 INFO [api-prod-2] http: POST /v1/invoices 201 70ms request_id=req_38c36cdd
2026-09-25T09:31:58.652+05:30 INFO [api-prod-1] http: POST /v1/invoices 201 60ms request_id=req_39b270fc
2026-09-25T09:32:09.468+05:30 INFO [api-prod-2] http: POST /v1/invoices 201 118ms request_id=req_3556669f
2026-09-25T09:32:35.185+05:30 INFO [api-prod-1] http: POST /v1/invoices 201 62ms request_id=req_eefe8316
2026-09-25T09:32:59.606+05:30 INFO [api-prod-1] http: GET /v1/customers/1006 200 56ms request_id=req_42e46bab
2026-09-25T09:33:37.844+05:30 INFO [api-prod-2] http: POST /v1/invoices 201 79ms request_id=req_d323beab
2026-09-25T09:33:48.965+05:30 INFO [api-prod-1] http: GET /v1/dashboard/summary 200 48ms request_id=req_d9ca5ed0
2026-09-25T09:34:06.295+05:30 INFO [api-prod-1] http: GET /v1/dashboard/summary 200 72ms request_id=req_96474eac
2026-09-25T09:34:22.729+05:30 INFO [api-prod-2] http: GET /v1/invoices/555 200 66ms request_id=req_f4387994
2026-09-25T09:34:40.599+05:30 INFO [api-prod-2] http: GET /v1/dashboard/summary 200 57ms request_id=req_965c388d
2026-09-25T09:34:49.416+05:30 INFO [api-prod-2] http: GET /v1/dashboard/summary 200 133ms request_id=req_ab661e17
2026-09-25T09:35:11.700+05:30 INFO [api-prod-2] http: GET /v1/customers/1025 200 20ms request_id=req_5f0e0cff
2026-09-25T09:35:29.616+05:30 INFO [api-prod-2] http: GET /v1/invoices?status=sent 200 137ms request_id=req_91b2a480
2026-09-25T09:35:44.372+05:30 INFO [api-prod-1] http: GET /v1/invoices/298 200 86ms request_id=req_8d675b77
2026-09-25T09:36:19.538+05:30 INFO [api-prod-2] http: GET /v1/customers/1083 200 107ms request_id=req_e8049fae
2026-09-25T09:36:37.774+05:30 INFO [api-prod-1] http: GET /v1/dashboard/summary 200 60ms request_id=req_c3242363
2026-09-25T09:37:11.995+05:30 INFO [api-prod-2] http: GET /v1/invoices?status=sent 200 18ms request_id=req_e6f6addf
2026-09-25T09:37:41.728+05:30 INFO [api-prod-1] http: GET /v1/dashboard/summary 200 97ms request_id=req_bc277e71
2026-09-25T09:38:04.749+05:30 INFO [api-prod-2] http: POST /v1/invoices 201 77ms request_id=req_23c2a838
2026-09-25T09:38:20.757+05:30 INFO [api-prod-2] http: GET /v1/invoices?page=1 200 23ms request_id=req_625e7496
2026-09-25T09:38:55.625+05:30 INFO [api-prod-1] http: GET /v1/invoices?page=2 200 100ms request_id=req_15737fbc
2026-09-25T09:39:23.543+05:30 INFO [api-prod-1] http: POST /v1/invoices 201 170ms request_id=req_4bce1624
2026-09-25T09:39:58.844+05:30 INFO [api-prod-2] http: POST /v1/invoices 201 159ms request_id=req_762d61f0
2026-09-25T09:40:39.102+05:30 INFO [api-prod-2] http: GET /v1/customers/1001 200 55ms request_id=req_fe6e21a1
2026-09-25T09:41:18.123+05:30 INFO [api-prod-1] http: GET /v1/invoices?page=1 200 106ms request_id=req_d80099cb
2026-09-25T09:41:56.706+05:30 INFO [api-prod-2] http: POST /v1/invoices 201 125ms request_id=req_b11ec452
2026-09-25T09:42:23.437+05:30 INFO [api-prod-1] http: GET /v1/invoices?page=2 200 128ms request_id=req_3a08d49d
2026-09-25T09:42:45.166+05:30 INFO [api-prod-2] http: GET /v1/dashboard/summary 200 86ms request_id=req_17463556
2026-09-25T09:43:00.413+05:30 INFO [api-prod-2] http: POST /v1/invoices 201 120ms request_id=req_b4668ae8
2026-09-25T09:43:14.123+05:30 INFO [api-prod-1] http: GET /v1/customers/1021 200 40ms request_id=req_109bd7d2
2026-09-25T09:43:31.231+05:30 INFO [api-prod-1] http: GET /v1/invoices/287 200 75ms request_id=req_629050eb
2026-09-25T09:44:06.945+05:30 INFO [api-prod-2] http: GET /v1/invoices/585 200 51ms request_id=req_88bd09f5
2026-09-25T09:44:41.436+05:30 INFO [api-prod-2] http: GET /v1/customers/1061 200 12ms request_id=req_35965792
2026-09-25T09:45:16.978+05:30 INFO [api-prod-2] http: GET /v1/dashboard/summary 200 116ms request_id=req_5aa0543d
2026-09-25T09:45:53.817+05:30 INFO [api-prod-2] http: GET /v1/invoices?page=2 200 63ms request_id=req_10db7186
2026-09-25T09:46:24.000+05:30 INFO [api-prod-1] http: GET /v1/invoices?page=2 200 38ms request_id=req_ea5fb2ee
2026-09-25T09:46:32.097+05:30 INFO [api-prod-2] http: GET /v1/customers/1011 200 44ms request_id=req_f6b460fb
2026-09-25T09:46:49.529+05:30 INFO [api-prod-2] http: GET /v1/invoices?page=2 200 133ms request_id=req_711ffba3
2026-09-25T09:47:22.792+05:30 INFO [api-prod-2] http: GET /v1/dashboard/summary 200 22ms request_id=req_d1759df3
2026-09-25T09:47:36.150+05:30 INFO [api-prod-1] http: GET /v1/customers/1060 200 90ms request_id=req_5c42328b
2026-09-25T09:48:12.630+05:30 INFO [api-prod-2] http: GET /v1/invoices/353 200 124ms request_id=req_599b1404
2026-09-25T09:48:51.072+05:30 INFO [api-prod-1] http: GET /v1/invoices?page=1 200 19ms request_id=req_c3779cbe
2026-09-25T09:49:08.864+05:30 INFO [api-prod-2] http: GET /v1/invoices?page=1 200 79ms request_id=req_124134ea
2026-09-25T09:49:26.374+05:30 INFO [api-prod-2] http: POST /v1/invoices 201 123ms request_id=req_93144f64
2026-09-25T09:49:35.152+05:30 INFO [api-prod-2] http: GET /v1/invoices/618 200 89ms request_id=req_79d17b6d
2026-09-25T09:50:07.811+05:30 INFO [api-prod-2] http: GET /v1/invoices?page=1 200 17ms request_id=req_4059c770
2026-09-25T09:50:44.583+05:30 INFO [api-prod-1] http: GET /v1/dashboard/summary 200 104ms request_id=req_6863fae0
2026-09-25T09:51:21.745+05:30 INFO [api-prod-1] http: GET /v1/invoices?page=2 200 108ms request_id=req_c00299ed
2026-09-25T09:51:34.551+05:30 INFO [api-prod-1] http: GET /v1/dashboard/summary 200 130ms request_id=req_6b5b66cd
2026-09-25T09:51:53.509+05:30 INFO [api-prod-1] http: GET /v1/invoices/469 200 72ms request_id=req_eda50661
2026-09-25T09:52:18.206+05:30 INFO [api-prod-2] http: POST /v1/invoices 201 95ms request_id=req_8dbaeb33
2026-09-25T09:52:46.549+05:30 INFO [api-prod-2] http: GET /v1/invoices?page=2 200 115ms request_id=req_eb93c275
2026-09-25T09:53:19.694+05:30 INFO [api-prod-1] http: POST /v1/invoices 201 137ms request_id=req_c98a331e
2026-09-25T09:53:41.733+05:30 INFO [api-prod-1] http: GET /v1/dashboard/summary 200 91ms request_id=req_bb1ad88a
2026-09-25T09:54:03.135+05:30 INFO [api-prod-2] http: POST /v1/invoices 201 66ms request_id=req_ceabebcf
2026-09-25T09:54:19.046+05:30 INFO [api-prod-1] http: GET /v1/invoices?status=sent 200 120ms request_id=req_c271b0b3
2026-09-25T09:54:33.848+05:30 INFO [api-prod-2] http: GET /v1/dashboard/summary 200 50ms request_id=req_07c81f7a
2026-09-25T09:54:42.788+05:30 INFO [api-prod-1] http: GET /v1/customers/1042 200 14ms request_id=req_ab9403b2
2026-09-25T09:54:59.450+05:30 INFO [api-prod-1] http: GET /v1/invoices?status=sent 200 137ms request_id=req_f052be6d
2026-09-25T09:55:30.789+05:30 INFO [api-prod-2] http: GET /v1/invoices?page=2 200 74ms request_id=req_ceae3873
2026-09-25T09:55:53.490+05:30 INFO [api-prod-1] http: GET /v1/customers/1042 200 33ms request_id=req_3a7d7f99
2026-09-25T09:56:16.271+05:30 INFO [api-prod-2] http: GET /v1/invoices?page=2 200 77ms request_id=req_7cb00ed0
2026-09-25T09:56:34.868+05:30 INFO [api-prod-2] http: GET /v1/invoices?page=1 200 114ms request_id=req_7e09afbd
2026-09-25T09:57:13.795+05:30 INFO [api-prod-1] http: POST /v1/invoices 201 128ms request_id=req_42cd854a
2026-09-25T09:57:44.316+05:30 INFO [api-prod-1] http: GET /v1/customers/1003 200 132ms request_id=req_0bb2a49d
2026-09-25T09:57:57.281+05:30 INFO [api-prod-2] http: GET /v1/customers/1030 200 53ms request_id=req_75dea90f
2026-09-25T09:58:12.164+05:30 INFO [api-prod-2] http: GET /v1/dashboard/summary 200 75ms request_id=req_3c5449b6
2026-09-25T09:58:34.500+05:30 INFO [api-prod-2] http: POST /v1/invoices 201 160ms request_id=req_e71a0dc1
2026-09-25T09:59:15.484+05:30 INFO [api-prod-1] http: GET /v1/dashboard/summary 200 47ms request_id=req_80c9fce9
2026-09-25T09:59:37.323+05:30 INFO [api-prod-2] http: POST /v1/invoices 201 101ms request_id=req_dd65445f
2026-09-25T09:59:53.928+05:30 INFO [api-prod-2] http: GET /v1/invoices/379 200 34ms request_id=req_7b0ada6a
2026-09-25T10:00:07.799+05:30 INFO [api-prod-2] http: GET /v1/invoices?status=sent 200 105ms request_id=req_4c6bc5f6
2026-09-25T10:00:26.485+05:30 INFO [api-prod-1] http: POST /v1/invoices 201 70ms request_id=req_737b3cae
2026-09-25T10:00:50.138+05:30 INFO [api-prod-2] http: GET /v1/invoices?page=2 200 124ms request_id=req_09f3564c
2026-09-25T10:01:07.650+05:30 INFO [api-prod-1] http: GET /v1/customers/1078 200 121ms request_id=req_2a62c490
2026-09-25T10:01:35.339+05:30 INFO [api-prod-1] http: GET /v1/dashboard/summary 200 126ms request_id=req_de829a15
2026-09-25T10:01:51.996+05:30 INFO [api-prod-1] http: POST /v1/invoices 201 160ms request_id=req_a6ae24fb
2026-09-25T10:02:14.989+05:30 INFO [api-prod-1] http: POST /v1/invoices 201 168ms request_id=req_45b47168
2026-09-25T10:02:40.668+05:30 INFO [api-prod-2] http: GET /v1/invoices?status=sent 200 124ms request_id=req_ccee7c85
2026-09-25T10:02:56.688+05:30 INFO [api-prod-1] http: GET /v1/dashboard/summary 200 75ms request_id=req_9c7c7eb5
2026-09-25T10:03:10.932+05:30 INFO [api-prod-1] http: GET /v1/invoices/282 200 125ms request_id=req_e69de6ab
2026-09-25T10:03:50.095+05:30 INFO [api-prod-2] http: GET /v1/invoices?page=2 200 131ms request_id=req_fb02dd8e
2026-09-25T10:04:12.244+05:30 INFO [api-prod-1] http: GET /v1/invoices?status=sent 200 94ms request_id=req_87be3df0
2026-09-25T10:04:52.674+05:30 INFO [api-prod-1] http: GET /v1/dashboard/summary 200 134ms request_id=req_50973638
2026-09-25T10:05:07.458+05:30 INFO [api-prod-1] http: GET /v1/dashboard/summary 200 57ms request_id=req_6009aeba
2026-09-25T10:05:26.479+05:30 INFO [api-prod-2] http: GET /v1/dashboard/summary 200 103ms request_id=req_73a0acf4
2026-09-25T10:05:47.052+05:30 INFO [api-prod-1] http: GET /v1/dashboard/summary 200 140ms request_id=req_df061ffc
2026-09-25T10:06:17.209+05:30 INFO [api-prod-1] http: GET /v1/dashboard/summary 200 110ms request_id=req_8fad8505
2026-09-25T10:06:57.526+05:30 INFO [api-prod-2] http: GET /v1/invoices?page=1 200 99ms request_id=req_8c3f0c39
2026-09-25T10:07:08.124+05:30 INFO [api-prod-1] http: GET /v1/invoices/329 200 48ms request_id=req_b7ae6bb1
2026-09-25T10:07:25.223+05:30 INFO [api-prod-2] http: POST /v1/invoices 201 151ms request_id=req_e4ea449d
2026-09-25T10:07:44.069+05:30 INFO [api-prod-1] http: GET /v1/dashboard/summary 200 63ms request_id=req_c9fe9f4a
2026-09-25T10:08:06.354+05:30 INFO [api-prod-2] http: GET /v1/dashboard/summary 200 50ms request_id=req_c67cd358
2026-09-25T10:08:16.848+05:30 INFO [api-prod-1] http: POST /v1/invoices 201 109ms request_id=req_de64d943
2026-09-25T10:08:39.914+05:30 INFO [api-prod-1] http: GET /v1/invoices?page=2 200 103ms request_id=req_bfc00635
2026-09-25T10:08:48.585+05:30 INFO [api-prod-2] http: GET /v1/invoices?status=sent 200 109ms request_id=req_6ca9ec00
2026-09-25T10:09:17.976+05:30 INFO [api-prod-2] http: POST /v1/invoices 201 78ms request_id=req_eb2634c3
2026-09-25T10:09:27.407+05:30 INFO [api-prod-2] http: GET /v1/customers/1079 200 74ms request_id=req_4ac6d144
2026-09-25T10:10:00.191+05:30 INFO [api-prod-2] http: GET /v1/invoices?page=2 200 124ms request_id=req_d360f2ff
2026-09-25T10:10:22.989+05:30 INFO [api-prod-2] http: GET /v1/invoices?page=1 200 65ms request_id=req_0cdc4e01
2026-09-25T10:10:32.304+05:30 INFO [api-prod-1] http: GET /v1/invoices?status=sent 200 39ms request_id=req_3cefb23c
2026-09-25T10:10:44.327+05:30 INFO [api-prod-1] http: GET /v1/invoices?page=2 200 20ms request_id=req_0ed8b491
2026-09-25T10:11:18.103+05:30 INFO [api-prod-2] http: GET /v1/invoices?page=1 200 94ms request_id=req_e8493c69
2026-09-25T10:11:49.454+05:30 INFO [api-prod-2] http: POST /v1/invoices 201 178ms request_id=req_5d61703e
2026-09-25T10:12:07.254+05:30 INFO [api-prod-2] http: GET /v1/invoices?page=2 200 132ms request_id=req_980aa869
2026-09-25T10:12:25.238+05:30 INFO [api-prod-2] http: GET /v1/dashboard/summary 200 53ms request_id=req_27950114
2026-09-25T10:12:57.064+05:30 INFO [api-prod-2] http: POST /v1/invoices 201 154ms request_id=req_1d0c679c
2026-09-25T10:13:36.033+05:30 INFO [api-prod-1] http: GET /v1/invoices?status=sent 200 15ms request_id=req_b8dd9d53
2026-09-25T10:14:06.786+05:30 INFO [api-prod-1] http: GET /v1/invoices?page=2 200 85ms request_id=req_52b22933
2026-09-25T10:14:21.404+05:30 INFO [api-prod-2] http: GET /v1/invoices?page=2 200 44ms request_id=req_35daf5bb
2026-09-25T10:14:38.534+05:30 INFO [api-prod-2] http: GET /v1/customers/1046 200 59ms request_id=req_b0ba3f5a
2026-09-25T10:15:00.318+05:30 INFO [api-prod-1] http: GET /v1/invoices/556 200 138ms request_id=req_920f8915
2026-09-25T10:15:12.980+05:30 INFO [api-prod-1] http: GET /v1/invoices/266 200 16ms request_id=req_61b1c8b8
2026-09-25T10:15:45.416+05:30 INFO [api-prod-1] http: GET /v1/invoices?page=2 200 46ms request_id=req_ccfb3dd4
2026-09-25T10:16:24.202+05:30 INFO [api-prod-1] http: GET /v1/customers/1080 200 105ms request_id=req_7be5185b
2026-09-25T10:16:56.288+05:30 INFO [api-prod-1] http: GET /v1/invoices/606 200 43ms request_id=req_fd712385
2026-09-25T10:17:23.579+05:30 INFO [api-prod-2] http: POST /v1/invoices 201 86ms request_id=req_211c4f4b
2026-09-25T10:17:59.728+05:30 INFO [api-prod-2] http: GET /v1/invoices/28 200 16ms request_id=req_f2b94862
2026-09-25T10:18:12.393+05:30 INFO [api-prod-1] http: GET /v1/invoices?page=2 200 18ms request_id=req_d7dfd6f7
2026-09-25T10:18:36.051+05:30 INFO [api-prod-2] http: GET /v1/invoices?page=2 200 109ms request_id=req_607209e2
2026-09-25T10:18:53.894+05:30 INFO [api-prod-1] http: GET /v1/invoices?page=1 200 70ms request_id=req_553fafb0
2026-09-25T10:19:15.386+05:30 INFO [api-prod-2] http: GET /v1/dashboard/summary 200 80ms request_id=req_dd4c3ed9
2026-09-25T10:19:34.400+05:30 INFO [api-prod-2] http: POST /v1/invoices 201 151ms request_id=req_1d703c84
2026-09-25T10:20:08.663+05:30 INFO [api-prod-2] http: GET /v1/customers/1063 200 127ms request_id=req_cc21c698
2026-09-25T10:20:43.930+05:30 INFO [api-prod-1] http: GET /v1/customers/1008 200 46ms request_id=req_e265f7eb
2026-09-25T10:21:04.658+05:30 INFO [api-prod-2] http: GET /v1/invoices?page=1 200 54ms request_id=req_f7bb7cb6
2026-09-25T10:21:22.099+05:30 INFO [api-prod-1] http: GET /v1/invoices?page=2 200 41ms request_id=req_1eda42f5
2026-09-25T10:21:41.035+05:30 INFO [api-prod-1] http: GET /v1/invoices?page=1 200 105ms request_id=req_d7183de1
2026-09-25T10:22:12.243+05:30 INFO [api-prod-2] http: GET /v1/customers/1019 200 65ms request_id=req_3e7ce17b
2026-09-25T10:22:22.112+05:30 INFO [api-prod-2] http: GET /v1/invoices?page=2 200 92ms request_id=req_87a9f0e7
2026-09-25T10:22:58.232+05:30 INFO [api-prod-1] http: POST /v1/invoices 201 144ms request_id=req_6068d542
2026-09-25T10:23:22.499+05:30 INFO [api-prod-1] http: GET /v1/customers/1007 200 28ms request_id=req_51e40154
2026-09-25T10:23:34.431+05:30 INFO [api-prod-2] http: GET /v1/invoices?status=sent 200 87ms request_id=req_d1264920
2026-09-25T10:23:48.536+05:30 INFO [api-prod-1] http: GET /v1/invoices?status=sent 200 81ms request_id=req_bf824514
2026-09-25T10:24:18.410+05:30 INFO [api-prod-2] http: GET /v1/customers/1068 200 108ms request_id=req_9f40fa4e
2026-09-25T10:24:27.248+05:30 INFO [api-prod-2] http: GET /v1/invoices?page=2 200 57ms request_id=req_d8d2ccfa
2026-09-25T10:24:57.613+05:30 INFO [api-prod-1] http: GET /v1/customers/1020 200 44ms request_id=req_0c6c5765
2026-09-25T10:25:26.225+05:30 INFO [api-prod-1] http: GET /v1/invoices/49 200 37ms request_id=req_dee6e931
2026-09-25T10:25:45.061+05:30 INFO [api-prod-2] http: POST /v1/invoices 201 165ms request_id=req_521fbea2
2026-09-25T10:26:22.614+05:30 INFO [api-prod-2] http: GET /v1/dashboard/summary 200 18ms request_id=req_abb74631
2026-09-25T10:26:37.742+05:30 INFO [api-prod-2] http: GET /v1/invoices?status=sent 200 72ms request_id=req_0a4143f5
2026-09-25T10:26:48.269+05:30 INFO [api-prod-2] http: GET /v1/customers/1061 200 124ms request_id=req_a73cf25a
2026-09-25T10:27:11.990+05:30 INFO [api-prod-1] http: POST /v1/invoices 201 142ms request_id=req_1f2dccd7
2026-09-25T10:27:50.953+05:30 INFO [api-prod-1] http: POST /v1/invoices 201 93ms request_id=req_55d6fc45
2026-09-25T10:28:13.901+05:30 INFO [api-prod-2] http: POST /v1/invoices 201 71ms request_id=req_1568941f
2026-09-25T10:28:27.401+05:30 INFO [api-prod-1] http: GET /v1/invoices/19 200 66ms request_id=req_0ac30ec7
2026-09-25T10:29:06.727+05:30 INFO [api-prod-1] http: GET /v1/dashboard/summary 200 81ms request_id=req_ab34907c
2026-09-25T10:29:31.681+05:30 INFO [api-prod-2] http: GET /v1/dashboard/summary 200 74ms request_id=req_257a1292
2026-09-25T10:29:39.967+05:30 INFO [api-prod-1] http: GET /v1/customers/1063 200 95ms request_id=req_b9f8dfb8
2026-09-25T10:29:59.175+05:30 INFO [api-prod-1] http: GET /v1/dashboard/summary 200 55ms request_id=req_e0aab4d2
2026-09-25T10:30:00.310+05:30 INFO [worker-prod-1] jobs.reminders: queued 41 reminder emails
2026-09-25T10:30:38.279+05:30 INFO [api-prod-2] http: GET /v1/invoices?page=2 200 71ms request_id=req_f635db1a
2026-09-25T10:31:18.330+05:30 INFO [api-prod-2] http: GET /v1/invoices?page=2 200 139ms request_id=req_26a2cd57
2026-09-25T10:31:42.122+05:30 INFO [api-prod-2] http: GET /v1/invoices?page=1 200 51ms request_id=req_3ed1ea17
2026-09-25T10:31:51.116+05:30 INFO [api-prod-2] http: GET /v1/invoices?status=sent 200 127ms request_id=req_41c467b1
2026-09-25T10:32:12.088+05:30 INFO [api-prod-1] http: GET /v1/dashboard/summary 200 87ms request_id=req_439eaf0c
2026-09-25T10:32:34.751+05:30 INFO [api-prod-2] http: POST /v1/invoices 201 131ms request_id=req_5747c518
2026-09-25T10:33:14.153+05:30 INFO [api-prod-2] http: GET /v1/invoices?page=1 200 43ms request_id=req_296e4db6
2026-09-25T10:33:47.606+05:30 INFO [api-prod-2] http: GET /v1/customers/1071 200 66ms request_id=req_4d7b09f7
2026-09-25T10:34:01.749+05:30 INFO [api-prod-2] http: GET /v1/invoices?status=sent 200 126ms request_id=req_03ed36f4
2026-09-25T10:34:32.957+05:30 INFO [api-prod-2] http: GET /v1/invoices?status=sent 200 84ms request_id=req_cc1c316b
2026-09-25T10:35:02.299+05:30 INFO [api-prod-2] http: GET /v1/dashboard/summary 200 13ms request_id=req_c1e92c92
2026-09-25T10:35:15.119+05:30 INFO [api-prod-2] http: GET /v1/invoices?page=2 200 46ms request_id=req_690d81b7
2026-09-25T10:35:45.098+05:30 INFO [api-prod-1] http: GET /v1/invoices?status=sent 200 120ms request_id=req_be376874
2026-09-25T10:36:06.266+05:30 INFO [api-prod-2] http: GET /v1/invoices?status=sent 200 119ms request_id=req_6c7cc0d5
2026-09-25T10:36:29.575+05:30 INFO [api-prod-1] http: GET /v1/customers/1017 200 82ms request_id=req_86945b61
2026-09-25T10:36:55.833+05:30 INFO [api-prod-2] http: GET /v1/invoices/45 200 29ms request_id=req_6abb0533
2026-09-25T10:37:21.239+05:30 INFO [api-prod-1] http: GET /v1/invoices?status=sent 200 124ms request_id=req_4a4a28f4
2026-09-25T10:37:35.909+05:30 INFO [api-prod-1] http: POST /v1/invoices 201 151ms request_id=req_c9329773
2026-09-25T10:38:12.970+05:30 INFO [api-prod-2] http: GET /v1/invoices/364 200 14ms request_id=req_b12eda43
2026-09-25T10:38:53.529+05:30 INFO [api-prod-2] http: GET /v1/invoices?status=sent 200 31ms request_id=req_0b9500b9
2026-09-25T10:39:30.573+05:30 INFO [api-prod-1] http: GET /v1/customers/1044 200 34ms request_id=req_6949886a
2026-09-25T10:40:00.068+05:30 INFO [api-prod-1] http: GET /v1/invoices?page=1 200 57ms request_id=req_ce3f8daf
2026-09-25T10:40:14.513+05:30 INFO [api-prod-1] http: GET /v1/dashboard/summary 200 109ms request_id=req_f4a31ae2
2026-09-25T10:40:49.222+05:30 INFO [api-prod-2] http: GET /v1/invoices?status=sent 200 46ms request_id=req_d3de2912
2026-09-25T10:41:12.561+05:30 INFO [api-prod-1] http: GET /v1/customers/1080 200 101ms request_id=req_0f9bd905
2026-09-25T10:41:48.529+05:30 INFO [api-prod-2] http: GET /v1/invoices?page=2 200 39ms request_id=req_254e4f7a
2026-09-25T10:42:20.398+05:30 INFO [api-prod-2] http: GET /v1/invoices?page=2 200 125ms request_id=req_0e9bde61
2026-09-25T10:42:30.651+05:30 INFO [api-prod-2] http: GET /v1/invoices?status=sent 200 31ms request_id=req_b4645237
2026-09-25T10:43:03.225+05:30 INFO [api-prod-2] http: GET /v1/invoices/398 200 101ms request_id=req_04dad69b
2026-09-25T10:43:16.612+05:30 INFO [api-prod-1] http: GET /v1/invoices?page=1 200 89ms request_id=req_02a7ec79
2026-09-25T10:43:40.362+05:30 INFO [api-prod-1] http: GET /v1/customers/1028 200 40ms request_id=req_3aa90f07
2026-09-25T10:44:01.502+05:30 INFO [api-prod-2] http: GET /v1/customers/1077 200 53ms request_id=req_80338663
2026-09-25T10:44:17.559+05:30 INFO [api-prod-1] http: GET /v1/invoices?status=sent 200 97ms request_id=req_089333b4
2026-09-25T10:44:34.617+05:30 INFO [api-prod-2] http: GET /v1/customers/1084 200 21ms request_id=req_be86c04d
2026-09-25T10:45:09.749+05:30 INFO [api-prod-1] http: GET /v1/invoices?status=sent 200 47ms request_id=req_64cfae2f
2026-09-25T10:45:35.912+05:30 INFO [api-prod-2] http: GET /v1/invoices?page=1 200 94ms request_id=req_0c348361
2026-09-25T10:46:14.242+05:30 INFO [api-prod-1] http: GET /v1/invoices?page=1 200 38ms request_id=req_d320ee3b
2026-09-25T10:46:40.590+05:30 INFO [api-prod-2] http: GET /v1/customers/1004 200 21ms request_id=req_592325a5
2026-09-25T10:47:01.796+05:30 INFO [api-prod-1] http: GET /v1/invoices?page=2 200 73ms request_id=req_11faef8b
2026-09-25T10:47:41.561+05:30 INFO [api-prod-1] http: GET /v1/dashboard/summary 200 50ms request_id=req_2c373fe5
2026-09-25T10:48:13.415+05:30 INFO [api-prod-2] http: GET /v1/invoices?page=1 200 31ms request_id=req_5a02d0cf
2026-09-25T10:48:33.932+05:30 INFO [api-prod-1] http: POST /v1/invoices 201 73ms request_id=req_5e97df28
2026-09-25T10:48:51.998+05:30 INFO [api-prod-2] http: GET /v1/invoices?page=2 200 75ms request_id=req_c2aa79c2
2026-09-25T10:49:03.764+05:30 INFO [api-prod-2] http: GET /v1/invoices/527 200 62ms request_id=req_bec7f5d8
2026-09-25T10:49:38.406+05:30 INFO [api-prod-2] http: GET /v1/invoices?status=sent 200 70ms request_id=req_ea166f55
2026-09-25T10:50:15.139+05:30 INFO [api-prod-2] http: GET /v1/invoices?page=2 200 60ms request_id=req_53f8841d
2026-09-25T10:50:35.711+05:30 INFO [api-prod-2] http: POST /v1/invoices 201 94ms request_id=req_a34b19f2
2026-09-25T10:51:06.299+05:30 INFO [api-prod-1] http: POST /v1/invoices 201 107ms request_id=req_d9a8b738
2026-09-25T10:51:37.434+05:30 INFO [api-prod-1] http: GET /v1/customers/1068 200 85ms request_id=req_45f8ac36
2026-09-25T10:52:03.454+05:30 INFO [api-prod-2] http: GET /v1/invoices?status=sent 200 51ms request_id=req_0206c94d
2026-09-25T10:52:34.268+05:30 INFO [api-prod-1] http: GET /v1/invoices/453 200 115ms request_id=req_07c646c3
2026-09-25T10:52:56.380+05:30 INFO [api-prod-2] http: POST /v1/invoices 201 73ms request_id=req_6c805e01
2026-09-25T10:53:13.851+05:30 INFO [api-prod-2] http: GET /v1/customers/1062 200 99ms request_id=req_8bc64e98
2026-09-25T10:53:50.794+05:30 INFO [api-prod-1] http: GET /v1/invoices?status=sent 200 61ms request_id=req_2673080f
2026-09-25T10:54:16.652+05:30 INFO [api-prod-2] http: GET /v1/invoices/381 200 69ms request_id=req_888c09a5
2026-09-25T10:54:49.068+05:30 INFO [api-prod-1] http: POST /v1/invoices 201 158ms request_id=req_05f92ef7
2026-09-25T10:55:16.887+05:30 INFO [api-prod-2] http: GET /v1/invoices?status=sent 200 45ms request_id=req_762a0f2f
2026-09-25T10:55:43.696+05:30 INFO [api-prod-1] http: GET /v1/invoices?page=2 200 64ms request_id=req_cfe60a68
2026-09-25T10:56:23.886+05:30 INFO [api-prod-1] http: POST /v1/invoices 201 151ms request_id=req_122078c6
2026-09-25T10:56:49.824+05:30 INFO [api-prod-2] http: POST /v1/invoices 201 72ms request_id=req_6bd387f4
2026-09-25T10:57:10.389+05:30 INFO [api-prod-1] http: GET /v1/invoices?page=1 200 63ms request_id=req_e7428b51
2026-09-25T10:57:37.092+05:30 INFO [api-prod-2] http: GET /v1/customers/1010 200 52ms request_id=req_4f6e4ff0
2026-09-25T10:57:59.059+05:30 INFO [api-prod-2] http: GET /v1/invoices/39 200 56ms request_id=req_f2704892
2026-09-25T10:58:08.604+05:30 INFO [api-prod-1] http: POST /v1/invoices 201 97ms request_id=req_4d6dafd7
2026-09-25T10:58:41.887+05:30 INFO [api-prod-1] http: POST /v1/invoices 201 147ms request_id=req_7fa7192a
2026-09-25T10:58:52.286+05:30 INFO [api-prod-1] http: GET /v1/invoices?status=sent 200 29ms request_id=req_9a6154d6
2026-09-25T10:59:03.120+05:30 INFO [api-prod-1] http: GET /v1/invoices?status=sent 200 50ms request_id=req_6435da46
2026-09-25T10:59:15.976+05:30 INFO [api-prod-1] http: POST /v1/invoices 201 173ms request_id=req_62029f69
2026-09-25T10:59:31.672+05:30 INFO [api-prod-2] http: GET /v1/invoices/223 200 114ms request_id=req_da50a6f5
2026-09-25T10:59:54.282+05:30 INFO [api-prod-1] http: GET /v1/customers/1013 200 118ms request_id=req_aaf3b063
2026-09-25T11:00:24.215+05:30 INFO [api-prod-2] http: POST /v1/invoices 201 72ms request_id=req_4de40347
2026-09-25T11:00:58.552+05:30 INFO [api-prod-1] http: GET /v1/dashboard/summary 200 82ms request_id=req_af36ff96
2026-09-25T11:01:28.725+05:30 INFO [api-prod-1] http: GET /v1/invoices?status=sent 200 40ms request_id=req_3cc885bf
2026-09-25T11:01:47.652+05:30 INFO [api-prod-2] http: POST /v1/invoices 201 103ms request_id=req_d88b598c
2026-09-25T11:02:12.970+05:30 INFO [api-prod-2] http: GET /v1/invoices?page=2 200 47ms request_id=req_3cacad5c
2026-09-25T11:02:30.097+05:30 INFO [api-prod-1] http: GET /v1/dashboard/summary 200 19ms request_id=req_ec7007e3
2026-09-25T11:02:46.583+05:30 INFO [api-prod-1] http: GET /v1/customers/1034 200 33ms request_id=req_f3e96b79
2026-09-25T11:03:26.848+05:30 INFO [api-prod-1] http: GET /v1/invoices?status=sent 200 21ms request_id=req_0ee19243
2026-09-25T11:03:49.434+05:30 INFO [api-prod-1] http: GET /v1/invoices?page=1 200 104ms request_id=req_228c4d21
2026-09-25T11:04:16.562+05:30 INFO [api-prod-1] http: GET /v1/customers/1061 200 124ms request_id=req_700c475e
2026-09-25T11:04:56.692+05:30 INFO [api-prod-2] http: GET /v1/invoices?page=1 200 64ms request_id=req_7a249ec1
2026-09-25T11:05:30.829+05:30 INFO [api-prod-2] http: GET /v1/dashboard/summary 200 26ms request_id=req_0922654c
2026-09-25T11:06:08.473+05:30 INFO [api-prod-2] http: GET /v1/invoices?status=sent 200 104ms request_id=req_6bff4019
2026-09-25T11:06:35.937+05:30 INFO [api-prod-1] http: GET /v1/invoices/402 200 14ms request_id=req_fc4dcd09
2026-09-25T11:07:08.908+05:30 INFO [api-prod-1] http: GET /v1/invoices?page=2 200 14ms request_id=req_da433952
2026-09-25T11:07:18.485+05:30 INFO [api-prod-1] http: GET /v1/customers/1075 200 14ms request_id=req_a8c07309
2026-09-25T11:07:34.104+05:30 INFO [api-prod-1] http: GET /v1/invoices/56 200 108ms request_id=req_b36f5b1f
2026-09-25T11:08:13.200+05:30 INFO [api-prod-1] http: GET /v1/invoices/206 200 65ms request_id=req_3183ad81
2026-09-25T11:08:42.763+05:30 INFO [api-prod-2] http: GET /v1/dashboard/summary 200 42ms request_id=req_a0da5087
2026-09-25T11:09:12.980+05:30 INFO [api-prod-2] http: GET /v1/invoices?page=2 200 28ms request_id=req_8c0dbc7b
2026-09-25T11:09:31.485+05:30 INFO [api-prod-1] http: GET /v1/customers/1068 200 108ms request_id=req_c2d838e2
2026-09-25T11:09:50.942+05:30 INFO [api-prod-2] http: POST /v1/invoices 201 160ms request_id=req_172ae494
2026-09-25T11:10:26.474+05:30 INFO [api-prod-1] http: GET /v1/invoices?page=1 200 127ms request_id=req_57b1aef7
2026-09-25T11:11:06.256+05:30 INFO [api-prod-1] http: POST /v1/invoices 201 66ms request_id=req_559c1117
2026-09-25T11:11:26.724+05:30 INFO [api-prod-1] http: GET /v1/invoices?page=1 200 69ms request_id=req_c1f71510
2026-09-25T11:12:01.065+05:30 INFO [api-prod-2] http: GET /v1/invoices/480 200 16ms request_id=req_88b3dadf
2026-09-25T11:12:09.541+05:30 INFO [api-prod-2] http: POST /v1/invoices 201 147ms request_id=req_928bf705
2026-09-25T11:12:43.874+05:30 INFO [api-prod-1] http: GET /v1/invoices?status=sent 200 84ms request_id=req_6bffcf76
2026-09-25T11:12:56.089+05:30 INFO [api-prod-2] http: GET /v1/customers/1005 200 124ms request_id=req_7db04511
2026-09-25T11:13:06.118+05:30 INFO [api-prod-2] http: GET /v1/invoices/5 200 38ms request_id=req_eb93c0df
2026-09-25T11:13:20.706+05:30 INFO [api-prod-2] http: GET /v1/dashboard/summary 200 64ms request_id=req_b77eeb8d
2026-09-25T11:13:46.064+05:30 INFO [api-prod-1] http: GET /v1/invoices?page=2 200 78ms request_id=req_b0987465
2026-09-25T11:14:03.215+05:30 INFO [api-prod-2] http: GET /v1/dashboard/summary 200 18ms request_id=req_9e0cb402
2026-09-25T11:14:21.928+05:30 INFO [api-prod-1] http: GET /v1/invoices?status=sent 200 121ms request_id=req_e37dc635
2026-09-25T11:14:34.070+05:30 INFO [api-prod-1] http: GET /v1/invoices?page=2 200 42ms request_id=req_8dd675e8
2026-09-25T11:15:13.019+05:30 INFO [api-prod-2] http: GET /v1/invoices/190 200 47ms request_id=req_7938ca0a
2026-09-25T11:15:51.455+05:30 INFO [api-prod-2] http: GET /v1/invoices?page=1 200 63ms request_id=req_c93887c8
2026-09-25T11:16:18.911+05:30 INFO [api-prod-2] http: GET /v1/invoices?status=sent 200 40ms request_id=req_b7424f46
2026-09-25T11:16:42.846+05:30 INFO [api-prod-2] http: GET /v1/invoices?page=2 200 115ms request_id=req_6761be84
2026-09-25T11:17:00.241+05:30 INFO [api-prod-2] http: GET /v1/invoices?status=sent 200 53ms request_id=req_8719fd76
2026-09-25T11:17:34.707+05:30 INFO [api-prod-1] http: GET /v1/invoices?status=sent 200 49ms request_id=req_499cc06e
2026-09-25T11:18:14.599+05:30 INFO [api-prod-2] http: GET /v1/customers/1075 200 67ms request_id=req_e2a8cd65
2026-09-25T11:18:43.067+05:30 INFO [api-prod-2] http: GET /v1/customers/1003 200 62ms request_id=req_1a7bbf7e
2026-09-25T11:19:09.029+05:30 INFO [api-prod-2] http: GET /v1/invoices?page=1 200 58ms request_id=req_059c33a3
2026-09-25T11:19:45.713+05:30 INFO [api-prod-1] http: GET /v1/invoices/536 200 86ms request_id=req_75d60591
2026-09-25T11:20:10.882+05:30 INFO [api-prod-2] http: GET /v1/invoices?page=1 200 137ms request_id=req_e67eaaaf
2026-09-25T11:20:29.007+05:30 INFO [api-prod-1] http: GET /v1/invoices?page=1 200 104ms request_id=req_408e7f4b
2026-09-25T11:20:47.529+05:30 INFO [api-prod-1] http: GET /v1/invoices?page=2 200 88ms request_id=req_31712059
2026-09-25T11:21:25.855+05:30 INFO [api-prod-1] http: GET /v1/customers/1002 200 75ms request_id=req_8497a79e
2026-09-25T11:21:36.100+05:30 INFO [api-prod-1] http: POST /v1/invoices 201 98ms request_id=req_ef90ac87
2026-09-25T11:22:07.907+05:30 INFO [api-prod-2] http: GET /v1/invoices?page=1 200 50ms request_id=req_d5308f0d
2026-09-25T11:22:29.346+05:30 INFO [api-prod-2] http: GET /v1/invoices/96 200 29ms request_id=req_de224622
2026-09-25T11:22:58.756+05:30 INFO [api-prod-1] http: GET /v1/customers/1042 200 36ms request_id=req_78819276
2026-09-25T11:23:19.870+05:30 INFO [api-prod-2] http: GET /v1/invoices?status=sent 200 48ms request_id=req_bfd02904
2026-09-25T11:23:32.478+05:30 INFO [api-prod-1] http: GET /v1/invoices/637 200 38ms request_id=req_22032c78
2026-09-25T11:23:58.046+05:30 INFO [api-prod-1] http: GET /v1/invoices?page=2 200 59ms request_id=req_6b9ff401
2026-09-25T11:24:13.481+05:30 INFO [api-prod-1] http: GET /v1/customers/1084 200 29ms request_id=req_fe24b88f
2026-09-25T11:24:36.939+05:30 INFO [api-prod-1] http: POST /v1/invoices 201 162ms request_id=req_b12082cb
2026-09-25T11:24:52.240+05:30 INFO [api-prod-1] http: GET /v1/customers/1077 200 119ms request_id=req_1348c9c0
2026-09-25T11:25:15.732+05:30 INFO [api-prod-1] http: GET /v1/invoices?page=1 200 99ms request_id=req_5104e3a1
2026-09-25T11:25:44.412+05:30 INFO [api-prod-2] http: POST /v1/invoices 201 66ms request_id=req_e6438933
2026-09-25T11:26:10.756+05:30 INFO [api-prod-1] http: GET /v1/dashboard/summary 200 100ms request_id=req_3be144e2
2026-09-25T11:26:36.788+05:30 INFO [api-prod-2] http: GET /v1/invoices?status=sent 200 26ms request_id=req_9b1c1401
2026-09-25T11:26:54.824+05:30 INFO [api-prod-1] http: GET /v1/invoices?status=sent 200 107ms request_id=req_1b44c13b
2026-09-25T11:27:26.665+05:30 INFO [api-prod-2] http: GET /v1/invoices/373 200 52ms request_id=req_ce404149
2026-09-25T11:27:42.295+05:30 INFO [api-prod-1] http: GET /v1/invoices?page=2 200 49ms request_id=req_aef56901
2026-09-25T11:28:21.647+05:30 INFO [api-prod-1] http: GET /v1/invoices?page=1 200 114ms request_id=req_73a561a3
2026-09-25T11:28:36.422+05:30 INFO [api-prod-2] http: POST /v1/invoices 201 65ms request_id=req_97fa6044
2026-09-25T11:29:01.716+05:30 INFO [api-prod-2] http: GET /v1/invoices?page=2 200 64ms request_id=req_30718c2a
2026-09-25T11:29:16.551+05:30 INFO [api-prod-2] http: GET /v1/invoices?page=1 200 16ms request_id=req_39f5ef78
2026-09-25T11:29:28.898+05:30 INFO [api-prod-1] http: GET /v1/customers/1005 200 43ms request_id=req_ef0e3cd4
2026-09-25T11:29:49.653+05:30 INFO [api-prod-2] http: GET /v1/invoices/127 200 129ms request_id=req_83c14054
2026-09-25T11:30:23.121+05:30 INFO [api-prod-2] http: GET /v1/invoices?page=2 200 18ms request_id=req_4ab211b0
2026-09-25T11:30:45.094+05:30 INFO [api-prod-1] http: GET /v1/invoices/237 200 50ms request_id=req_d14618ce
2026-09-25T11:31:01.571+05:30 INFO [api-prod-2] http: GET /v1/invoices?page=1 200 54ms request_id=req_eb46c36c
2026-09-25T11:31:33.436+05:30 INFO [api-prod-2] http: GET /v1/invoices/481 200 116ms request_id=req_ce91976e
2026-09-25T11:31:50.852+05:30 INFO [api-prod-2] http: POST /v1/invoices 201 63ms request_id=req_a6353452
2026-09-25T11:32:08.621+05:30 INFO [api-prod-2] http: GET /v1/invoices/346 200 100ms request_id=req_9d109f1d
2026-09-25T11:32:33.232+05:30 INFO [api-prod-1] http: POST /v1/invoices 201 136ms request_id=req_97e88e82
2026-09-25T11:32:42.092+05:30 INFO [api-prod-1] http: GET /v1/invoices?page=2 200 52ms request_id=req_95d82d9e
2026-09-25T11:33:01.572+05:30 INFO [api-prod-2] http: GET /v1/invoices?page=2 200 70ms request_id=req_ff33bfca
2026-09-25T11:33:39.578+05:30 INFO [api-prod-1] http: GET /v1/invoices?status=sent 200 72ms request_id=req_b1b4a7a0
2026-09-25T11:33:57.083+05:30 INFO [api-prod-2] http: GET /v1/invoices?page=2 200 104ms request_id=req_b076c7f0
2026-09-25T11:34:12.930+05:30 INFO [api-prod-2] http: GET /v1/invoices/481 200 109ms request_id=req_5e7afaff
2026-09-25T11:34:44.492+05:30 INFO [api-prod-2] http: GET /v1/invoices?page=1 200 113ms request_id=req_313180b0
2026-09-25T11:35:23.077+05:30 INFO [api-prod-1] http: GET /v1/invoices?page=2 200 120ms request_id=req_f19002ee
2026-09-25T11:35:53.374+05:30 INFO [api-prod-2] http: GET /v1/dashboard/summary 200 59ms request_id=req_d87d2e1c
2026-09-25T11:36:08.167+05:30 INFO [api-prod-2] http: GET /v1/invoices?page=2 200 135ms request_id=req_96144327
2026-09-25T11:36:48.976+05:30 INFO [api-prod-2] http: GET /v1/customers/1054 200 45ms request_id=req_5f89cb59
2026-09-25T11:37:17.152+05:30 INFO [api-prod-2] http: GET /v1/invoices?page=1 200 77ms request_id=req_947d462e
2026-09-25T11:37:55.995+05:30 INFO [api-prod-2] http: GET /v1/customers/1044 200 115ms request_id=req_247edc4a
2026-09-25T11:38:15.430+05:30 INFO [api-prod-1] http: GET /v1/invoices?page=2 200 18ms request_id=req_478a9ec6
2026-09-25T11:38:42.768+05:30 INFO [api-prod-1] http: GET /v1/invoices/405 200 130ms request_id=req_7bc5beb2
2026-09-25T11:39:21.704+05:30 INFO [api-prod-2] http: GET /v1/customers/1037 200 53ms request_id=req_c3ac68e5
2026-09-25T11:39:52.996+05:30 INFO [api-prod-2] http: POST /v1/invoices 201 99ms request_id=req_0b2d92b1
2026-09-25T11:40:06.222+05:30 INFO [api-prod-2] http: GET /v1/invoices?status=sent 200 49ms request_id=req_a50f13cd
2026-09-25T11:40:42.711+05:30 INFO [api-prod-2] http: GET /v1/invoices?status=sent 200 43ms request_id=req_f98f70e5
2026-09-25T11:41:05.885+05:30 INFO [api-prod-1] http: GET /v1/customers/1055 200 76ms request_id=req_54c17217
2026-09-25T11:41:36.848+05:30 INFO [api-prod-1] http: GET /v1/invoices/128 200 135ms request_id=req_4b8add8a
2026-09-25T11:41:53.335+05:30 INFO [api-prod-1] http: GET /v1/dashboard/summary 200 116ms request_id=req_96839785
2026-09-25T11:42:24.041+05:30 INFO [api-prod-2] http: GET /v1/invoices?status=sent 200 124ms request_id=req_c7396557
2026-09-25T11:43:04.085+05:30 INFO [api-prod-2] http: POST /v1/invoices 201 106ms request_id=req_60ab6c19
2026-09-25T11:43:15.098+05:30 INFO [api-prod-1] http: POST /v1/invoices 201 172ms request_id=req_2dd14283
2026-09-25T11:43:34.789+05:30 INFO [api-prod-1] http: GET /v1/customers/1067 200 18ms request_id=req_76484df1
2026-09-25T11:43:43.003+05:30 INFO [api-prod-2] http: GET /v1/invoices/293 200 102ms request_id=req_dc2abb00
2026-09-25T11:44:18.107+05:30 INFO [api-prod-2] http: GET /v1/invoices?status=sent 200 139ms request_id=req_0c62d9d1
2026-09-25T11:44:26.529+05:30 INFO [api-prod-2] http: GET /v1/invoices?status=sent 200 114ms request_id=req_36321d8e
2026-09-25T11:45:06.908+05:30 INFO [api-prod-1] http: GET /v1/invoices/447 200 43ms request_id=req_29fa2de2
2026-09-25T11:45:46.973+05:30 INFO [api-prod-1] http: GET /v1/invoices?page=2 200 41ms request_id=req_6e26e642
2026-09-25T11:46:01.031+05:30 INFO [api-prod-2] http: GET /v1/invoices?status=sent 200 59ms request_id=req_f94e1def
2026-09-25T11:46:33.681+05:30 INFO [api-prod-1] http: GET /v1/invoices/109 200 129ms request_id=req_68d0a7fc
2026-09-25T11:47:05.312+05:30 INFO [api-prod-2] http: POST /v1/invoices 201 109ms request_id=req_46697a32
2026-09-25T11:47:12.604+05:30 WARN [api-prod-2] db: slow query 1840ms: SELECT * FROM invoices WHERE status = ? ORDER BY due_on LIMIT 50 OFFSET 400
2026-09-25T11:47:36.912+05:30 INFO [api-prod-1] http: GET /v1/invoices?page=1 200 135ms request_id=req_c390cf80
2026-09-25T11:48:17.044+05:30 INFO [api-prod-2] http: GET /v1/dashboard/summary 200 118ms request_id=req_e5cd119c
2026-09-25T11:48:25.926+05:30 INFO [api-prod-1] http: GET /v1/dashboard/summary 200 85ms request_id=req_fc5eeb69
2026-09-25T11:48:38.784+05:30 INFO [api-prod-1] http: GET /v1/invoices?page=1 200 64ms request_id=req_94f30849
2026-09-25T11:49:14.626+05:30 INFO [api-prod-2] http: GET /v1/invoices?status=sent 200 133ms request_id=req_9e79b58f
2026-09-25T11:49:23.436+05:30 INFO [api-prod-2] http: GET /v1/invoices?page=2 200 24ms request_id=req_21fa6438
2026-09-25T11:49:48.637+05:30 INFO [api-prod-1] http: GET /v1/dashboard/summary 200 127ms request_id=req_d93bfd8b
2026-09-25T11:50:01.138+05:30 INFO [api-prod-2] http: POST /v1/invoices 201 101ms request_id=req_0efec0ee
2026-09-25T11:50:41.306+05:30 INFO [api-prod-2] http: GET /v1/invoices?page=1 200 116ms request_id=req_0c150338
2026-09-25T11:51:13.476+05:30 INFO [api-prod-1] http: GET /v1/invoices?page=1 200 114ms request_id=req_a16dccef
2026-09-25T11:51:23.204+05:30 INFO [api-prod-2] http: GET /v1/dashboard/summary 200 33ms request_id=req_45890a97
2026-09-25T11:51:43.419+05:30 INFO [api-prod-2] http: GET /v1/customers/1022 200 133ms request_id=req_ccb49391
2026-09-25T11:52:15.655+05:30 INFO [api-prod-1] http: GET /v1/dashboard/summary 200 90ms request_id=req_10198ea6
2026-09-25T11:52:47.697+05:30 INFO [api-prod-1] http: GET /v1/invoices/605 200 17ms request_id=req_6827459d
2026-09-25T11:52:56.863+05:30 INFO [api-prod-2] http: POST /v1/invoices 201 60ms request_id=req_49ea8cc8
2026-09-25T11:53:32.591+05:30 INFO [api-prod-2] http: GET /v1/invoices/218 200 109ms request_id=req_45a8a9b6
2026-09-25T11:54:13.038+05:30 INFO [api-prod-2] http: GET /v1/invoices?page=1 200 35ms request_id=req_560e90c0
2026-09-25T11:54:35.508+05:30 INFO [api-prod-1] http: GET /v1/customers/1060 200 88ms request_id=req_1819690c
2026-09-25T11:55:02.551+05:30 INFO [api-prod-2] http: GET /v1/invoices/347 200 112ms request_id=req_ca3f42f6
2026-09-25T11:55:36.499+05:30 INFO [api-prod-2] http: GET /v1/invoices?page=2 200 24ms request_id=req_2dd198ba
2026-09-25T11:56:10.146+05:30 INFO [api-prod-1] http: GET /v1/customers/1002 200 104ms request_id=req_7565a1c6
2026-09-25T11:56:30.324+05:30 INFO [api-prod-1] http: POST /v1/invoices 201 61ms request_id=req_00512ca2
2026-09-25T11:56:56.902+05:30 INFO [api-prod-1] http: GET /v1/invoices?status=sent 200 110ms request_id=req_ddc3e299
2026-09-25T11:57:23.968+05:30 INFO [api-prod-1] http: GET /v1/invoices/378 200 82ms request_id=req_dc192750
2026-09-25T11:57:35.098+05:30 INFO [api-prod-1] http: GET /v1/invoices?page=1 200 54ms request_id=req_007a8ce7
2026-09-25T11:57:48.637+05:30 INFO [api-prod-1] http: POST /v1/invoices 201 143ms request_id=req_d9058fc5
2026-09-25T11:58:15.618+05:30 INFO [api-prod-2] http: POST /v1/invoices 201 61ms request_id=req_8cc9ef02
2026-09-25T11:58:42.794+05:30 INFO [api-prod-2] http: GET /v1/invoices/508 200 33ms request_id=req_741e0bca
2026-09-25T11:58:55.144+05:30 INFO [api-prod-1] http: GET /v1/invoices?page=1 200 90ms request_id=req_b6f75fbd
2026-09-25T11:59:15.927+05:30 INFO [api-prod-1] http: GET /v1/customers/1007 200 92ms request_id=req_c5ee700d
2026-09-25T11:59:36.030+05:30 INFO [api-prod-2] http: GET /v1/invoices?page=1 200 50ms request_id=req_412650a7
2026-09-25T12:00:04.705+05:30 INFO [api-prod-1] http: GET /v1/invoices/25 200 24ms request_id=req_03c5d29b
2026-09-25T12:00:42.832+05:30 INFO [api-prod-1] http: GET /v1/invoices/368 200 45ms request_id=req_ece12fd2
2026-09-25T12:01:09.846+05:30 INFO [api-prod-2] http: GET /v1/customers/1081 200 130ms request_id=req_bc75677b
2026-09-25T12:01:48.647+05:30 INFO [api-prod-1] http: POST /v1/invoices 201 154ms request_id=req_fb38de7c
2026-09-25T12:02:10.670+05:30 INFO [api-prod-1] http: GET /v1/invoices?page=1 200 132ms request_id=req_efa8bb96
2026-09-25T12:02:47.689+05:30 INFO [api-prod-2] http: POST /v1/invoices 201 121ms request_id=req_980d868b
2026-09-25T12:03:27.571+05:30 INFO [api-prod-2] http: GET /v1/invoices?page=1 200 51ms request_id=req_3c4368bb
2026-09-25T12:03:42.981+05:30 INFO [api-prod-2] http: GET /v1/invoices?page=2 200 70ms request_id=req_09e91207
2026-09-25T12:04:01.817+05:30 INFO [api-prod-2] http: GET /v1/invoices?status=sent 200 28ms request_id=req_fd48e4c4
2026-09-25T12:04:23.194+05:30 INFO [api-prod-2] http: GET /v1/invoices?page=1 200 13ms request_id=req_081de270
2026-09-25T12:04:47.543+05:30 INFO [api-prod-1] http: POST /v1/invoices 201 160ms request_id=req_f9fc9234
2026-09-25T12:05:27.343+05:30 INFO [api-prod-1] http: GET /v1/invoices/199 200 140ms request_id=req_cb3d880e
2026-09-25T12:05:55.212+05:30 INFO [api-prod-2] http: GET /v1/invoices?page=1 200 59ms request_id=req_1f4760a3
2026-09-25T12:06:14.200+05:30 INFO [api-prod-1] http: GET /v1/invoices?page=1 200 94ms request_id=req_c47ac5c9
2026-09-25T12:06:32.676+05:30 INFO [api-prod-2] http: POST /v1/invoices 201 114ms request_id=req_0afcfb77
2026-09-25T12:07:09.252+05:30 INFO [api-prod-1] http: POST /v1/invoices 201 168ms request_id=req_a73a9504
2026-09-25T12:07:24.792+05:30 INFO [api-prod-2] http: POST /v1/invoices 201 91ms request_id=req_f07a4708
2026-09-25T12:07:46.780+05:30 INFO [api-prod-2] http: GET /v1/invoices?page=1 200 32ms request_id=req_3b3179ac
2026-09-25T12:07:55.089+05:30 INFO [api-prod-2] http: GET /v1/invoices?page=1 200 18ms request_id=req_3cb829fa
2026-09-25T12:08:24.821+05:30 INFO [api-prod-2] http: GET /v1/invoices?page=2 200 82ms request_id=req_625fa4fa
2026-09-25T12:08:34.655+05:30 INFO [api-prod-1] http: GET /v1/dashboard/summary 200 45ms request_id=req_ba8818fd
2026-09-25T12:08:56.114+05:30 INFO [api-prod-1] http: GET /v1/invoices/97 200 26ms request_id=req_b45784da
2026-09-25T12:09:24.388+05:30 INFO [api-prod-1] http: POST /v1/invoices 201 68ms request_id=req_e86003d1
2026-09-25T12:09:55.652+05:30 INFO [api-prod-1] http: POST /v1/invoices 201 134ms request_id=req_a7d03346
2026-09-25T12:10:19.251+05:30 INFO [api-prod-2] http: GET /v1/dashboard/summary 200 62ms request_id=req_f03152bc
2026-09-25T12:10:54.071+05:30 INFO [api-prod-2] http: GET /v1/invoices?page=1 200 42ms request_id=req_59606b8e
2026-09-25T12:11:07.264+05:30 INFO [api-prod-2] http: GET /v1/dashboard/summary 200 16ms request_id=req_80d51815
2026-09-25T12:11:15.976+05:30 INFO [api-prod-2] http: GET /v1/invoices/264 200 95ms request_id=req_e08bf60d
2026-09-25T12:11:36.109+05:30 INFO [api-prod-1] http: GET /v1/invoices?page=1 200 104ms request_id=req_544472ff
2026-09-25T12:11:53.934+05:30 INFO [api-prod-2] http: GET /v1/customers/1037 200 132ms request_id=req_58f3440b
2026-09-25T12:12:22.920+05:30 INFO [api-prod-1] http: GET /v1/invoices?status=sent 200 132ms request_id=req_629c26c2
2026-09-25T12:12:37.843+05:30 INFO [api-prod-1] http: GET /v1/invoices?status=sent 200 73ms request_id=req_7f5c1f7c
2026-09-25T12:12:49.828+05:30 INFO [api-prod-1] http: POST /v1/invoices 201 171ms request_id=req_61cffe48
2026-09-25T12:13:22.763+05:30 INFO [api-prod-1] http: GET /v1/invoices?page=2 200 91ms request_id=req_8ef1e711
2026-09-25T12:13:53.249+05:30 INFO [api-prod-1] http: GET /v1/dashboard/summary 200 140ms request_id=req_ce51cd58
2026-09-25T12:14:07.381+05:30 INFO [api-prod-1] http: GET /v1/invoices?page=1 200 33ms request_id=req_16e490e8
2026-09-25T12:14:17.775+05:30 INFO [api-prod-1] http: POST /v1/invoices 201 123ms request_id=req_6e47a6be
2026-09-25T12:14:56.149+05:30 INFO [api-prod-2] http: POST /v1/invoices 201 139ms request_id=req_3a4a0c46
2026-09-25T12:15:16.211+05:30 INFO [api-prod-1] http: GET /v1/invoices/518 200 40ms request_id=req_beb9267c
2026-09-25T12:15:25.803+05:30 INFO [api-prod-2] http: POST /v1/invoices 201 89ms request_id=req_6d75af05
2026-09-25T12:16:04.215+05:30 INFO [api-prod-1] http: POST /v1/invoices 201 141ms request_id=req_6fd762f6
2026-09-25T12:16:15.087+05:30 INFO [api-prod-2] http: GET /v1/invoices/15 200 125ms request_id=req_f470db90
2026-09-25T12:16:24.123+05:30 INFO [api-prod-1] http: POST /v1/invoices 201 60ms request_id=req_4146ded4
2026-09-25T12:17:00.273+05:30 INFO [api-prod-2] http: GET /v1/customers/1022 200 81ms request_id=req_0af036b9
2026-09-25T12:17:16.410+05:30 INFO [api-prod-2] http: GET /v1/invoices?status=sent 200 63ms request_id=req_d866b768
2026-09-25T12:17:32.644+05:30 INFO [api-prod-1] http: GET /v1/invoices/508 200 112ms request_id=req_2c90c084
2026-09-25T12:17:41.954+05:30 INFO [api-prod-2] http: GET /v1/invoices?page=1 200 96ms request_id=req_e37df636
2026-09-25T12:18:06.717+05:30 INFO [api-prod-2] http: GET /v1/dashboard/summary 200 105ms request_id=req_2f00280d
2026-09-25T12:18:45.632+05:30 INFO [api-prod-2] http: POST /v1/invoices 201 107ms request_id=req_426c548e
2026-09-25T12:19:03.006+05:30 INFO [api-prod-1] http: GET /v1/customers/1014 200 84ms request_id=req_c32bfa7c
2026-09-25T12:19:37.492+05:30 INFO [api-prod-1] http: GET /v1/invoices/17 200 97ms request_id=req_8338a79b
2026-09-25T12:19:50.370+05:30 INFO [api-prod-1] http: GET /v1/invoices?status=sent 200 63ms request_id=req_d4ef1ffa
2026-09-25T12:20:02.537+05:30 INFO [api-prod-1] http: GET /v1/invoices?page=2 200 131ms request_id=req_befba24a
2026-09-25T12:20:39.785+05:30 INFO [api-prod-2] http: GET /v1/invoices?page=1 200 29ms request_id=req_2aa8758d
2026-09-25T12:20:50.519+05:30 INFO [api-prod-1] http: GET /v1/invoices?page=1 200 44ms request_id=req_46b2b432
2026-09-25T12:21:22.352+05:30 INFO [api-prod-2] http: GET /v1/invoices/180 200 115ms request_id=req_9415d52b
2026-09-25T12:21:53.829+05:30 INFO [api-prod-1] http: GET /v1/invoices?page=1 200 138ms request_id=req_e1ab1432
2026-09-25T12:22:03.322+05:30 INFO [api-prod-2] http: GET /v1/invoices?page=1 200 71ms request_id=req_817bf853
2026-09-25T12:22:36.621+05:30 INFO [api-prod-1] http: GET /v1/customers/1051 200 24ms request_id=req_dc78dfd0
2026-09-25T12:23:08.190+05:30 INFO [api-prod-1] http: GET /v1/dashboard/summary 200 134ms request_id=req_16f8084d
2026-09-25T12:23:34.139+05:30 INFO [api-prod-1] http: GET /v1/dashboard/summary 200 17ms request_id=req_aaf4d5cd
2026-09-25T12:23:48.536+05:30 INFO [api-prod-1] http: GET /v1/customers/1004 200 46ms request_id=req_b43aa11b
2026-09-25T12:24:15.649+05:30 INFO [api-prod-1] http: GET /v1/invoices/389 200 70ms request_id=req_1e694a19
2026-09-25T12:24:50.098+05:30 INFO [api-prod-2] http: GET /v1/customers/1023 200 101ms request_id=req_acc67890
2026-09-25T12:25:24.281+05:30 INFO [api-prod-1] http: GET /v1/dashboard/summary 200 121ms request_id=req_b03595eb
2026-09-25T12:25:44.905+05:30 INFO [api-prod-1] http: POST /v1/invoices 201 71ms request_id=req_4f62a4b5
2026-09-25T12:26:18.892+05:30 INFO [api-prod-2] http: GET /v1/customers/1064 200 69ms request_id=req_e59983e4
2026-09-25T12:26:49.051+05:30 INFO [api-prod-2] http: GET /v1/dashboard/summary 200 53ms request_id=req_2a53e602
2026-09-25T12:27:14.421+05:30 INFO [api-prod-1] http: GET /v1/dashboard/summary 200 39ms request_id=req_2877ad10
2026-09-25T12:27:41.081+05:30 INFO [api-prod-2] http: GET /v1/customers/1055 200 12ms request_id=req_1cc155de
2026-09-25T12:28:11.220+05:30 INFO [api-prod-2] http: GET /v1/dashboard/summary 200 135ms request_id=req_e272e3f5
2026-09-25T12:28:20.263+05:30 INFO [api-prod-2] http: GET /v1/invoices?page=1 200 133ms request_id=req_6ccfcaba
2026-09-25T12:28:48.151+05:30 INFO [api-prod-1] http: GET /v1/invoices?page=1 200 126ms request_id=req_cddacbc8
2026-09-25T12:29:01.018+05:30 INFO [api-prod-1] http: GET /v1/invoices/86 200 49ms request_id=req_83cee383
2026-09-25T12:29:10.757+05:30 INFO [api-prod-1] http: GET /v1/dashboard/summary 200 124ms request_id=req_29272656
2026-09-25T12:29:39.455+05:30 INFO [api-prod-1] http: GET /v1/invoices/89 200 124ms request_id=req_866ccf1f
2026-09-25T12:30:16.205+05:30 INFO [api-prod-1] http: GET /v1/invoices?page=2 200 67ms request_id=req_dbade402
2026-09-25T12:30:39.607+05:30 INFO [api-prod-1] http: GET /v1/customers/1011 200 14ms request_id=req_6281b2d4
2026-09-25T12:30:53.690+05:30 INFO [api-prod-1] http: POST /v1/invoices 201 67ms request_id=req_7b619364
2026-09-25T12:31:23.122+05:30 INFO [api-prod-2] http: GET /v1/invoices?status=sent 200 23ms request_id=req_b3f14e73
2026-09-25T12:31:57.889+05:30 INFO [api-prod-1] http: GET /v1/customers/1078 200 64ms request_id=req_ff6f8e6f
2026-09-25T12:32:30.988+05:30 INFO [api-prod-1] http: GET /v1/invoices/50 200 67ms request_id=req_b15ee83e
2026-09-25T12:33:06.527+05:30 INFO [api-prod-2] http: GET /v1/invoices?page=1 200 99ms request_id=req_30a8a2ac
2026-09-25T12:33:35.221+05:30 INFO [api-prod-2] http: GET /v1/invoices?page=2 200 25ms request_id=req_795abe47
2026-09-25T12:34:12.698+05:30 INFO [api-prod-2] http: GET /v1/invoices/36 200 43ms request_id=req_572533d9
2026-09-25T12:34:21.797+05:30 INFO [api-prod-1] http: GET /v1/dashboard/summary 200 97ms request_id=req_2ba80519
2026-09-25T12:34:43.471+05:30 INFO [api-prod-1] http: GET /v1/customers/1082 200 115ms request_id=req_8eee959a
2026-09-25T12:35:23.791+05:30 INFO [api-prod-2] http: GET /v1/dashboard/summary 200 98ms request_id=req_cb694a6c
2026-09-25T12:36:01.874+05:30 INFO [api-prod-1] http: GET /v1/invoices?page=1 200 109ms request_id=req_88cbe761
2026-09-25T12:36:41.708+05:30 INFO [api-prod-2] http: GET /v1/invoices/373 200 81ms request_id=req_d4e28e32
2026-09-25T12:37:18.322+05:30 INFO [api-prod-2] http: GET /v1/customers/1074 200 71ms request_id=req_b86122b0
2026-09-25T12:37:27.348+05:30 INFO [api-prod-1] http: POST /v1/invoices 201 96ms request_id=req_f7bdb478
2026-09-25T12:38:06.544+05:30 INFO [api-prod-1] http: GET /v1/invoices?page=2 200 77ms request_id=req_9122c5a9
2026-09-25T12:38:39.457+05:30 INFO [api-prod-1] http: GET /v1/invoices?page=1 200 24ms request_id=req_449f8da0
2026-09-25T12:39:10.727+05:30 INFO [api-prod-1] http: GET /v1/invoices?status=sent 200 76ms request_id=req_4779bb8a
2026-09-25T12:39:43.889+05:30 INFO [api-prod-1] http: GET /v1/dashboard/summary 200 92ms request_id=req_747ed0f8
2026-09-25T12:40:05.646+05:30 INFO [api-prod-2] http: GET /v1/invoices?status=sent 200 130ms request_id=req_180dc512
2026-09-25T12:40:39.316+05:30 INFO [api-prod-1] http: GET /v1/invoices?page=1 200 120ms request_id=req_b887db47
2026-09-25T12:40:54.309+05:30 INFO [api-prod-1] http: GET /v1/customers/1058 200 100ms request_id=req_30b9ddb9
2026-09-25T12:41:19.817+05:30 INFO [api-prod-2] http: GET /v1/dashboard/summary 200 77ms request_id=req_0fed762e
2026-09-25T12:41:53.363+05:30 INFO [api-prod-2] http: POST /v1/invoices 201 106ms request_id=req_d5dfb8ab
2026-09-25T12:42:22.803+05:30 INFO [api-prod-1] http: GET /v1/invoices/25 200 128ms request_id=req_8e4963e0
2026-09-25T12:42:55.652+05:30 INFO [api-prod-1] http: POST /v1/invoices 201 134ms request_id=req_589467b2
2026-09-25T12:43:23.642+05:30 INFO [api-prod-2] http: GET /v1/invoices?status=sent 200 130ms request_id=req_283107e3
2026-09-25T12:43:33.830+05:30 INFO [api-prod-2] http: GET /v1/dashboard/summary 200 17ms request_id=req_be0552eb
2026-09-25T12:44:05.962+05:30 INFO [api-prod-1] http: GET /v1/dashboard/summary 200 114ms request_id=req_170ffe0b
2026-09-25T12:44:25.517+05:30 INFO [api-prod-1] http: GET /v1/customers/1027 200 73ms request_id=req_ca13ca2a
2026-09-25T12:44:54.673+05:30 INFO [api-prod-2] http: GET /v1/invoices?page=1 200 64ms request_id=req_a25be3c9
2026-09-25T12:45:09.059+05:30 INFO [api-prod-1] http: GET /v1/invoices?status=sent 200 117ms request_id=req_3e77fdfe
2026-09-25T12:45:26.009+05:30 INFO [api-prod-1] http: GET /v1/invoices/621 200 61ms request_id=req_58b4dd2b
2026-09-25T12:45:59.921+05:30 INFO [api-prod-1] http: GET /v1/dashboard/summary 200 84ms request_id=req_3e1d9962
2026-09-25T12:46:26.855+05:30 INFO [api-prod-2] http: GET /v1/invoices/586 200 132ms request_id=req_a8143834
2026-09-25T12:46:40.125+05:30 INFO [api-prod-2] http: GET /v1/invoices?status=sent 200 12ms request_id=req_b6c5e14e
2026-09-25T12:46:53.042+05:30 INFO [api-prod-2] http: GET /v1/invoices?page=1 200 24ms request_id=req_010f7dcc
2026-09-25T12:47:16.426+05:30 INFO [api-prod-1] http: GET /v1/customers/1038 200 101ms request_id=req_848cdcb1
2026-09-25T12:47:24.468+05:30 INFO [api-prod-1] http: GET /v1/invoices?status=sent 200 124ms request_id=req_28cd5956
2026-09-25T12:47:55.131+05:30 INFO [api-prod-2] http: GET /v1/invoices?page=2 200 98ms request_id=req_b7299729
2026-09-25T12:48:33.448+05:30 INFO [api-prod-2] http: GET /v1/invoices?page=2 200 134ms request_id=req_a74ac613
2026-09-25T12:49:10.234+05:30 INFO [api-prod-1] http: GET /v1/invoices?status=sent 200 22ms request_id=req_b9693b5c
2026-09-25T12:49:39.722+05:30 INFO [api-prod-2] http: POST /v1/invoices 201 147ms request_id=req_655c2b2a
2026-09-25T12:49:59.293+05:30 INFO [api-prod-2] http: GET /v1/dashboard/summary 200 128ms request_id=req_4ef58799
2026-09-25T12:50:11.997+05:30 INFO [api-prod-1] http: GET /v1/invoices?status=sent 200 49ms request_id=req_f22ceeeb
2026-09-25T12:50:28.162+05:30 INFO [api-prod-2] http: GET /v1/customers/1037 200 92ms request_id=req_f93537f7
2026-09-25T12:50:36.812+05:30 INFO [api-prod-2] http: GET /v1/invoices?page=1 200 26ms request_id=req_52afce0c
2026-09-25T12:50:54.937+05:30 INFO [api-prod-1] http: POST /v1/invoices 201 89ms request_id=req_ee370270
2026-09-25T12:51:13.432+05:30 INFO [api-prod-1] http: GET /v1/invoices?status=sent 200 35ms request_id=req_4a92aca8
2026-09-25T12:51:32.477+05:30 INFO [api-prod-1] http: GET /v1/invoices?page=2 200 18ms request_id=req_f305982d
2026-09-25T12:52:01.737+05:30 INFO [api-prod-1] http: GET /v1/invoices?status=sent 200 102ms request_id=req_2130c3b2
2026-09-25T12:52:18.629+05:30 INFO [api-prod-2] http: GET /v1/invoices?status=sent 200 54ms request_id=req_ad4f7ee8
2026-09-25T12:52:30.322+05:30 INFO [api-prod-1] http: GET /v1/dashboard/summary 200 31ms request_id=req_feafd806
2026-09-25T12:53:03.995+05:30 INFO [api-prod-2] http: GET /v1/invoices/35 200 13ms request_id=req_c31a8c01
2026-09-25T12:53:22.747+05:30 INFO [api-prod-2] http: GET /v1/customers/1015 200 30ms request_id=req_5f8487d6
2026-09-25T12:53:32.105+05:30 INFO [api-prod-2] http: GET /v1/dashboard/summary 200 26ms request_id=req_864fef19
2026-09-25T12:54:07.804+05:30 INFO [api-prod-2] http: GET /v1/customers/1090 200 122ms request_id=req_f9c677d2
2026-09-25T12:54:25.922+05:30 INFO [api-prod-2] http: GET /v1/invoices?page=1 200 34ms request_id=req_5822285f
2026-09-25T12:54:37.573+05:30 INFO [api-prod-2] http: GET /v1/invoices?page=2 200 34ms request_id=req_b52ec207
2026-09-25T12:54:50.676+05:30 INFO [api-prod-1] http: POST /v1/invoices 201 95ms request_id=req_1a7d8b51
2026-09-25T12:55:07.122+05:30 INFO [api-prod-2] http: POST /v1/invoices 201 94ms request_id=req_ae6df7f8
2026-09-25T12:55:45.860+05:30 INFO [api-prod-1] http: GET /v1/invoices?status=sent 200 29ms request_id=req_6766d18f
2026-09-25T12:56:16.651+05:30 INFO [api-prod-2] http: GET /v1/customers/1012 200 64ms request_id=req_dad9c78c
2026-09-25T12:56:37.749+05:30 INFO [api-prod-1] http: GET /v1/invoices?page=2 200 42ms request_id=req_d914be0b
2026-09-25T12:57:17.794+05:30 INFO [api-prod-2] http: GET /v1/customers/1038 200 35ms request_id=req_406ca777
2026-09-25T12:57:50.783+05:30 INFO [api-prod-1] http: POST /v1/invoices 201 141ms request_id=req_db723292
2026-09-25T12:58:11.052+05:30 INFO [api-prod-1] http: GET /v1/invoices?page=1 200 125ms request_id=req_583b2bcd
2026-09-25T12:58:23.998+05:30 INFO [api-prod-1] http: POST /v1/invoices 201 91ms request_id=req_1dae8c43
2026-09-25T12:58:41.350+05:30 INFO [api-prod-2] http: GET /v1/dashboard/summary 200 60ms request_id=req_d59cbba0
2026-09-25T12:59:07.676+05:30 INFO [api-prod-1] http: GET /v1/invoices?status=sent 200 51ms request_id=req_dc8446dd
2026-09-25T12:59:21.446+05:30 INFO [api-prod-2] http: POST /v1/invoices 201 75ms request_id=req_70bf869c
2026-09-25T12:59:46.982+05:30 INFO [api-prod-1] http: POST /v1/invoices 201 75ms request_id=req_c2cdb8e5
2026-09-25T13:00:00.080+05:30 INFO [api-prod-1] http: POST /v1/invoices 201 179ms request_id=req_f7a8763c
2026-09-25T13:00:31.794+05:30 INFO [api-prod-1] http: GET /v1/invoices/120 200 54ms request_id=req_349af7de
2026-09-25T13:01:11.870+05:30 INFO [api-prod-1] http: GET /v1/invoices?page=2 200 119ms request_id=req_95454733
2026-09-25T13:01:29.828+05:30 INFO [api-prod-1] http: GET /v1/invoices?page=2 200 51ms request_id=req_d2d25437
2026-09-25T13:02:07.762+05:30 INFO [api-prod-2] http: GET /v1/invoices/233 200 118ms request_id=req_192b49e7
2026-09-25T13:02:48.730+05:30 INFO [api-prod-2] http: POST /v1/invoices 201 82ms request_id=req_1c7ccd01
2026-09-25T13:03:29.101+05:30 INFO [api-prod-2] http: POST /v1/invoices 201 179ms request_id=req_e44a78e0
2026-09-25T13:04:03.925+05:30 INFO [api-prod-1] http: GET /v1/invoices?page=2 200 21ms request_id=req_607cd733
2026-09-25T13:04:42.939+05:30 INFO [api-prod-2] http: GET /v1/dashboard/summary 200 107ms request_id=req_6de1d969
2026-09-25T13:04:59.408+05:30 INFO [api-prod-1] http: POST /v1/invoices 201 80ms request_id=req_231dc097
2026-09-25T13:05:08.899+05:30 INFO [api-prod-1] http: GET /v1/customers/1053 200 76ms request_id=req_5b74de2b
2026-09-25T13:05:45.132+05:30 INFO [api-prod-1] http: GET /v1/invoices/56 200 83ms request_id=req_9bebd160
2026-09-25T13:05:57.588+05:30 INFO [api-prod-1] http: GET /v1/invoices?status=sent 200 33ms request_id=req_a0e48299
2026-09-25T13:06:34.564+05:30 INFO [api-prod-2] http: POST /v1/invoices 201 72ms request_id=req_b48a5237
2026-09-25T13:07:03.709+05:30 INFO [api-prod-2] http: GET /v1/invoices?page=2 200 44ms request_id=req_155dc2dd
2026-09-25T13:07:28.510+05:30 INFO [api-prod-2] http: GET /v1/customers/1003 200 22ms request_id=req_5d5f7495
2026-09-25T13:07:58.700+05:30 INFO [api-prod-2] http: POST /v1/invoices 201 107ms request_id=req_e5c13603
2026-09-25T13:08:31.138+05:30 INFO [api-prod-1] http: POST /v1/invoices 201 157ms request_id=req_28c310d8
2026-09-25T13:08:52.999+05:30 INFO [api-prod-2] http: GET /v1/customers/1016 200 57ms request_id=req_7080061e
2026-09-25T13:09:11.877+05:30 INFO [api-prod-2] http: GET /v1/invoices/105 200 103ms request_id=req_4f08309e
2026-09-25T13:09:44.939+05:30 INFO [api-prod-1] http: GET /v1/invoices/530 200 96ms request_id=req_861c08e7
2026-09-25T13:10:21.181+05:30 INFO [api-prod-2] http: GET /v1/dashboard/summary 200 42ms request_id=req_ef6b01f8
2026-09-25T13:10:41.523+05:30 INFO [api-prod-2] http: GET /v1/dashboard/summary 200 103ms request_id=req_59568593
2026-09-25T13:11:22.075+05:30 INFO [api-prod-1] http: GET /v1/invoices/207 200 62ms request_id=req_0413ac2d
2026-09-25T13:11:41.338+05:30 INFO [api-prod-2] http: GET /v1/customers/1032 200 91ms request_id=req_7d08c09c
2026-09-25T13:12:12.462+05:30 INFO [api-prod-1] http: GET /v1/invoices?page=1 200 113ms request_id=req_374c8220
2026-09-25T13:12:34.862+05:30 INFO [api-prod-2] http: GET /v1/customers/1004 200 87ms request_id=req_13ebae72
2026-09-25T13:13:15.522+05:30 INFO [api-prod-2] http: GET /v1/invoices?page=2 200 37ms request_id=req_6a8ca75c
2026-09-25T13:13:46.628+05:30 INFO [api-prod-1] http: GET /v1/dashboard/summary 200 80ms request_id=req_3b446d19
2026-09-25T13:14:01.185+05:30 INFO [api-prod-1] http: GET /v1/invoices/388 200 60ms request_id=req_11a5adb2
2026-09-25T13:14:42.067+05:30 INFO [api-prod-2] http: GET /v1/dashboard/summary 200 106ms request_id=req_ade5a907
2026-09-25T13:15:21.039+05:30 INFO [api-prod-2] http: GET /v1/invoices?page=2 200 37ms request_id=req_2e29b89c
2026-09-25T13:15:43.227+05:30 INFO [api-prod-1] http: GET /v1/invoices?page=1 200 80ms request_id=req_7da33dbb
2026-09-25T13:16:09.446+05:30 INFO [api-prod-2] http: GET /v1/dashboard/summary 200 112ms request_id=req_6798fc09
2026-09-25T13:16:41.113+05:30 INFO [api-prod-2] http: GET /v1/invoices?page=1 200 96ms request_id=req_109a4c58
2026-09-25T13:17:15.315+05:30 INFO [api-prod-1] http: POST /v1/invoices 201 110ms request_id=req_d2c66941
2026-09-25T13:17:34.325+05:30 INFO [api-prod-2] http: GET /v1/invoices?page=2 200 133ms request_id=req_1380430a
2026-09-25T13:18:11.148+05:30 INFO [api-prod-1] http: GET /v1/invoices?status=sent 200 45ms request_id=req_c343ebf7
2026-09-25T13:18:28.401+05:30 INFO [api-prod-2] http: GET /v1/invoices/401 200 26ms request_id=req_84844251
2026-09-25T13:18:41.530+05:30 INFO [api-prod-1] http: GET /v1/dashboard/summary 200 42ms request_id=req_2e9b27d3
2026-09-25T13:19:13.048+05:30 INFO [api-prod-1] http: GET /v1/invoices/486 200 19ms request_id=req_75423a33
2026-09-25T13:19:21.896+05:30 INFO [api-prod-2] http: GET /v1/customers/1054 200 24ms request_id=req_8cf78753
2026-09-25T13:19:51.750+05:30 INFO [api-prod-2] http: GET /v1/dashboard/summary 200 124ms request_id=req_09da014e
2026-09-25T13:20:18.704+05:30 INFO [api-prod-2] http: GET /v1/invoices?page=1 200 129ms request_id=req_47791cf8
2026-09-25T13:20:41.111+05:30 INFO [api-prod-2] http: GET /v1/invoices?status=sent 200 38ms request_id=req_2398ce5a
2026-09-25T13:20:44.017+05:30 WARN [api-prod-1] auth: 5 failed logins for user=meera.joshi from 203.0.113.77 in 2m; locked for 15m
2026-09-25T13:20:52.328+05:30 INFO [api-prod-1] http: GET /v1/invoices?status=sent 200 140ms request_id=req_9af60401
2026-09-25T13:21:30.973+05:30 INFO [api-prod-2] http: GET /v1/dashboard/summary 200 116ms request_id=req_0fd3c0d6
2026-09-25T13:22:10.469+05:30 INFO [api-prod-1] http: GET /v1/invoices?page=1 200 112ms request_id=req_75dd8175
2026-09-25T13:22:28.959+05:30 INFO [api-prod-1] http: GET /v1/invoices?page=2 200 129ms request_id=req_a7056733
2026-09-25T13:22:46.402+05:30 INFO [api-prod-2] http: GET /v1/invoices/186 200 128ms request_id=req_9c933290
2026-09-25T13:23:07.064+05:30 INFO [api-prod-1] http: GET /v1/invoices/381 200 126ms request_id=req_7591a424
2026-09-25T13:23:45.217+05:30 INFO [api-prod-1] http: GET /v1/invoices?page=2 200 51ms request_id=req_3181f37f
2026-09-25T13:24:03.848+05:30 INFO [api-prod-1] http: GET /v1/dashboard/summary 200 99ms request_id=req_625f37be
2026-09-25T13:24:30.626+05:30 INFO [api-prod-1] http: GET /v1/invoices?page=1 200 16ms request_id=req_69eded05
2026-09-25T13:24:42.592+05:30 INFO [api-prod-2] http: GET /v1/invoices?page=1 200 39ms request_id=req_ac469949
2026-09-25T13:25:11.261+05:30 INFO [api-prod-2] http: POST /v1/invoices 201 58ms request_id=req_bce0d0cb
2026-09-25T13:25:43.575+05:30 INFO [api-prod-2] http: GET /v1/invoices/508 200 25ms request_id=req_3eff7a0e
2026-09-25T13:25:53.838+05:30 INFO [api-prod-1] http: GET /v1/invoices?page=1 200 103ms request_id=req_58e86112
2026-09-25T13:26:19.257+05:30 INFO [api-prod-2] http: POST /v1/invoices 201 88ms request_id=req_33378ece
2026-09-25T13:26:34.887+05:30 INFO [api-prod-2] http: GET /v1/invoices?page=2 200 30ms request_id=req_0963af47
2026-09-25T13:26:57.579+05:30 INFO [api-prod-2] http: POST /v1/invoices 201 109ms request_id=req_4bbc4bf8
2026-09-25T13:27:21.315+05:30 INFO [api-prod-1] http: GET /v1/invoices/315 200 108ms request_id=req_5f9ddf59
2026-09-25T13:28:02.048+05:30 INFO [api-prod-2] http: GET /v1/invoices?status=sent 200 113ms request_id=req_aec2fa5f
2026-09-25T13:28:30.199+05:30 INFO [api-prod-2] http: GET /v1/invoices?status=sent 200 33ms request_id=req_cb5b1d2b
2026-09-25T13:28:59.215+05:30 INFO [api-prod-2] http: GET /v1/invoices?page=1 200 64ms request_id=req_fcb2e71b
2026-09-25T13:29:29.145+05:30 INFO [api-prod-1] http: GET /v1/invoices?page=2 200 57ms request_id=req_c1bf0858
2026-09-25T13:29:54.683+05:30 INFO [api-prod-1] http: GET /v1/dashboard/summary 200 80ms request_id=req_a3e9b28e
2026-09-25T13:30:07.081+05:30 INFO [api-prod-2] http: GET /v1/invoices/249 200 125ms request_id=req_8dabfb0a
2026-09-25T13:30:34.859+05:30 INFO [api-prod-1] http: GET /v1/invoices?page=2 200 133ms request_id=req_01422360
2026-09-25T13:31:12.856+05:30 INFO [api-prod-2] http: GET /v1/customers/1019 200 107ms request_id=req_7d3bd387
2026-09-25T13:31:25.771+05:30 INFO [api-prod-2] http: GET /v1/invoices?page=1 200 108ms request_id=req_6f1da9e5
2026-09-25T13:31:34.211+05:30 INFO [api-prod-2] http: GET /v1/invoices?page=2 200 35ms request_id=req_20c78e42
2026-09-25T13:31:51.531+05:30 INFO [api-prod-2] http: GET /v1/invoices?page=2 200 134ms request_id=req_8d90e048
2026-09-25T13:32:01.457+05:30 INFO [api-prod-1] http: GET /v1/invoices?page=1 200 12ms request_id=req_83d19a5f
2026-09-25T13:32:12.747+05:30 INFO [api-prod-2] http: GET /v1/customers/1066 200 40ms request_id=req_df0d5990
2026-09-25T13:32:20.999+05:30 INFO [api-prod-1] http: GET /v1/dashboard/summary 200 19ms request_id=req_50c490e4
2026-09-25T13:32:45.660+05:30 INFO [api-prod-2] http: GET /v1/invoices/141 200 26ms request_id=req_2302e095
2026-09-25T13:33:11.253+05:30 INFO [api-prod-1] http: GET /v1/invoices/49 200 63ms request_id=req_f2e2c52a
2026-09-25T13:33:24.616+05:30 INFO [api-prod-1] http: GET /v1/invoices/345 200 64ms request_id=req_24074b09
2026-09-25T13:33:38.290+05:30 INFO [api-prod-1] http: POST /v1/invoices 201 177ms request_id=req_604f9111
2026-09-25T13:34:10.288+05:30 INFO [api-prod-1] http: GET /v1/invoices?status=sent 200 48ms request_id=req_1b6a0f00
2026-09-25T13:34:44.729+05:30 INFO [api-prod-2] http: GET /v1/invoices?status=sent 200 126ms request_id=req_d78ab236
2026-09-25T13:34:59.473+05:30 INFO [api-prod-2] http: GET /v1/invoices?page=2 200 25ms request_id=req_ef8824e4
2026-09-25T13:35:32.114+05:30 INFO [api-prod-2] http: GET /v1/customers/1073 200 110ms request_id=req_8e37c647
2026-09-25T13:35:43.692+05:30 INFO [api-prod-2] http: GET /v1/dashboard/summary 200 120ms request_id=req_2570d2e0
2026-09-25T13:36:11.517+05:30 INFO [api-prod-1] http: GET /v1/invoices?status=sent 200 82ms request_id=req_b0ba5f0c
2026-09-25T13:36:37.646+05:30 INFO [api-prod-1] http: POST /v1/invoices 201 87ms request_id=req_1cd2af09
2026-09-25T13:36:55.034+05:30 INFO [api-prod-2] http: GET /v1/customers/1030 200 96ms request_id=req_19c4a437
2026-09-25T13:37:16.114+05:30 INFO [api-prod-1] http: POST /v1/invoices 201 86ms request_id=req_b0b12018
2026-09-25T13:37:52.841+05:30 INFO [api-prod-2] http: GET /v1/invoices?status=sent 200 54ms request_id=req_b0b6b2fb
2026-09-25T13:38:14.849+05:30 INFO [api-prod-2] http: GET /v1/invoices?page=2 200 17ms request_id=req_bbaeaeda
2026-09-25T13:38:51.011+05:30 INFO [api-prod-2] http: GET /v1/customers/1016 200 74ms request_id=req_a0062f69
2026-09-25T13:39:27.404+05:30 INFO [api-prod-1] http: GET /v1/invoices?page=1 200 117ms request_id=req_ff43a4a0
2026-09-25T13:39:38.858+05:30 INFO [api-prod-2] http: GET /v1/invoices?page=2 200 34ms request_id=req_b00435be
2026-09-25T13:39:51.599+05:30 INFO [api-prod-1] http: GET /v1/invoices?page=1 200 32ms request_id=req_a47c00ff
2026-09-25T13:40:21.327+05:30 INFO [api-prod-1] http: GET /v1/invoices?page=1 200 57ms request_id=req_abea8761
2026-09-25T13:40:38.747+05:30 INFO [api-prod-2] http: GET /v1/invoices?status=sent 200 121ms request_id=req_c47b4fce
2026-09-25T13:40:55.127+05:30 INFO [api-prod-1] http: GET /v1/invoices?page=1 200 129ms request_id=req_fbf1662b
2026-09-25T13:41:03.328+05:30 INFO [api-prod-1] http: GET /v1/dashboard/summary 200 115ms request_id=req_581076e4
2026-09-25T13:41:24.096+05:30 INFO [api-prod-2] http: GET /v1/invoices?page=2 200 86ms request_id=req_f2bffe82
2026-09-25T13:41:44.167+05:30 INFO [api-prod-2] http: POST /v1/invoices 201 81ms request_id=req_cb656b8e
2026-09-25T13:41:53.886+05:30 INFO [api-prod-1] http: GET /v1/customers/1037 200 82ms request_id=req_c28f90a1
2026-09-25T13:42:06.972+05:30 INFO [api-prod-2] http: GET /v1/customers/1012 200 23ms request_id=req_c0f49323
2026-09-25T13:42:20.835+05:30 INFO [api-prod-2] http: GET /v1/customers/1082 200 100ms request_id=req_e7f97b14
2026-09-25T13:42:43.366+05:30 INFO [api-prod-2] http: POST /v1/invoices 201 76ms request_id=req_d1a0ff6a
2026-09-25T13:43:03.744+05:30 INFO [api-prod-2] http: GET /v1/dashboard/summary 200 36ms request_id=req_40277681
2026-09-25T13:43:30.539+05:30 INFO [api-prod-1] http: GET /v1/invoices?page=1 200 27ms request_id=req_ba42ce04
2026-09-25T13:43:45.371+05:30 INFO [api-prod-2] http: GET /v1/dashboard/summary 200 119ms request_id=req_bd9c3159
2026-09-25T13:44:17.577+05:30 INFO [api-prod-2] http: POST /v1/invoices 201 107ms request_id=req_78903159
2026-09-25T13:44:49.316+05:30 INFO [api-prod-1] http: GET /v1/invoices?status=sent 200 87ms request_id=req_02e1a40f
2026-09-25T13:45:05.982+05:30 INFO [api-prod-2] http: GET /v1/customers/1083 200 113ms request_id=req_fbeead46
2026-09-25T13:45:44.586+05:30 INFO [api-prod-2] http: GET /v1/invoices?page=2 200 127ms request_id=req_4c39f9d3
2026-09-25T13:46:14.922+05:30 INFO [api-prod-2] http: GET /v1/customers/1017 200 80ms request_id=req_3849309e
2026-09-25T13:46:42.956+05:30 INFO [api-prod-2] http: GET /v1/invoices?status=sent 200 75ms request_id=req_1a67d577
2026-09-25T13:47:00.839+05:30 INFO [api-prod-1] http: POST /v1/invoices 201 126ms request_id=req_19e0a2a8
2026-09-25T13:47:21.562+05:30 INFO [api-prod-1] http: GET /v1/dashboard/summary 200 33ms request_id=req_b84ceda7
2026-09-25T13:47:57.946+05:30 INFO [api-prod-2] http: GET /v1/customers/1084 200 15ms request_id=req_c47e0bb0
2026-09-25T13:48:33.417+05:30 INFO [api-prod-1] http: GET /v1/invoices?page=2 200 17ms request_id=req_a084b602
2026-09-25T13:48:49.450+05:30 INFO [api-prod-2] http: GET /v1/invoices/154 200 104ms request_id=req_ff23912f
2026-09-25T13:49:17.511+05:30 INFO [api-prod-2] http: POST /v1/invoices 201 88ms request_id=req_1dfd9d5d
2026-09-25T13:49:35.126+05:30 INFO [api-prod-1] http: GET /v1/invoices?page=2 200 57ms request_id=req_9c67022c
2026-09-25T13:50:03.309+05:30 INFO [api-prod-2] http: GET /v1/dashboard/summary 200 108ms request_id=req_c5b557bd
2026-09-25T13:50:37.310+05:30 INFO [api-prod-1] http: GET /v1/invoices/509 200 21ms request_id=req_b66d2e10
2026-09-25T13:51:16.297+05:30 INFO [api-prod-1] http: GET /v1/invoices?status=sent 200 44ms request_id=req_849d5cfd
2026-09-25T13:51:46.106+05:30 INFO [api-prod-1] http: GET /v1/dashboard/summary 200 53ms request_id=req_6605cf31
2026-09-25T13:52:19.628+05:30 INFO [api-prod-2] http: POST /v1/invoices 201 69ms request_id=req_94c4d9c2
2026-09-25T13:52:42.615+05:30 INFO [api-prod-1] http: GET /v1/invoices/213 200 62ms request_id=req_7c7a2195
2026-09-25T13:53:09.157+05:30 INFO [api-prod-1] http: GET /v1/customers/1027 200 71ms request_id=req_20222d26
2026-09-25T13:53:47.165+05:30 INFO [api-prod-2] http: GET /v1/invoices?page=1 200 81ms request_id=req_cd7ab05f
2026-09-25T13:54:16.544+05:30 INFO [api-prod-1] http: GET /v1/dashboard/summary 200 52ms request_id=req_556df69b
2026-09-25T13:54:28.094+05:30 INFO [api-prod-2] http: POST /v1/invoices 201 73ms request_id=req_ea97aca5
2026-09-25T13:54:50.894+05:30 INFO [api-prod-1] http: GET /v1/customers/1006 200 54ms request_id=req_a26e09bd
2026-09-25T13:55:23.986+05:30 INFO [api-prod-2] http: GET /v1/invoices/31 200 87ms request_id=req_bf3219c7
2026-09-25T13:55:47.626+05:30 INFO [api-prod-2] http: GET /v1/invoices/402 200 126ms request_id=req_e7be76e7
2026-09-25T13:56:07.572+05:30 INFO [api-prod-1] http: GET /v1/invoices/556 200 136ms request_id=req_4cd82a38
2026-09-25T13:56:36.072+05:30 INFO [api-prod-2] http: GET /v1/customers/1029 200 28ms request_id=req_c28fa2bc
2026-09-25T13:57:16.284+05:30 INFO [api-prod-1] http: POST /v1/invoices 201 157ms request_id=req_270b9d6a
2026-09-25T13:57:44.105+05:30 INFO [api-prod-1] http: GET /v1/dashboard/summary 200 19ms request_id=req_47da5021
2026-09-25T13:58:06.507+05:30 INFO [api-prod-2] http: GET /v1/invoices?page=1 200 41ms request_id=req_9de237c5
2026-09-25T13:58:17.357+05:30 INFO [api-prod-1] http: GET /v1/invoices?page=1 200 113ms request_id=req_ea4a0593
2026-09-25T13:58:41.373+05:30 INFO [api-prod-1] http: GET /v1/invoices?status=sent 200 52ms request_id=req_f1906600
2026-09-25T13:59:13.381+05:30 INFO [api-prod-1] http: GET /v1/invoices?status=sent 200 59ms request_id=req_2a87fdd1
2026-09-25T13:59:33.701+05:30 INFO [api-prod-2] http: POST /v1/invoices 201 115ms request_id=req_31c03d92
2026-09-25T14:00:09.696+05:30 INFO [api-prod-2] http: GET /v1/invoices?page=1 200 120ms request_id=req_8bfdd2fa
2026-09-25T14:00:19.264+05:30 INFO [api-prod-1] http: GET /v1/invoices?status=sent 200 102ms request_id=req_fa3b382c
2026-09-25T14:00:56.084+05:30 INFO [api-prod-2] http: GET /v1/customers/1038 200 103ms request_id=req_d9f851b7
2026-09-25T14:01:25.600+05:30 INFO [api-prod-2] http: GET /v1/invoices?page=1 200 25ms request_id=req_b7bb8457
2026-09-25T14:01:58.441+05:30 INFO [worker-prod-1] jobs.reconcile: started batch=2026-09-25 payments=567 source=bank-feed concurrency=10
2026-09-25T14:02:04.090+05:30 WARN [api-prod-1] db.pool: pool exhausted (size=10 in_use=10 waiting=6)
2026-09-25T14:02:10.318+05:30 ERROR [api-prod-1] db.pool: timeout acquiring connection after 5000ms (size=10 in_use=10 waiting=30) request_id=req_6d97b40e
2026-09-25T14:02:10.323+05:30 WARN [api-prod-1] http: GET /v1/invoices?page=2 504 5005ms request_id=req_6d97b40e
2026-09-25T14:02:15.498+05:30 ERROR [api-prod-2] db.pool: timeout acquiring connection after 5000ms (size=10 in_use=10 waiting=30) request_id=req_054af237
2026-09-25T14:02:15.501+05:30 WARN [api-prod-2] http: GET /v1/dashboard/summary 504 5003ms request_id=req_054af237
2026-09-25T14:02:25.632+05:30 ERROR [api-prod-2] db.pool: timeout acquiring connection after 5000ms (size=10 in_use=10 waiting=37) request_id=req_780c859d
2026-09-25T14:02:25.641+05:30 WARN [api-prod-2] http: POST /v1/invoices 504 5009ms request_id=req_780c859d
2026-09-25T14:02:37.485+05:30 ERROR [api-prod-1] db.pool: timeout acquiring connection after 5000ms (size=10 in_use=10 waiting=18) request_id=req_db100d0b
2026-09-25T14:02:37.497+05:30 WARN [api-prod-1] http: GET /v1/invoices/16 504 5012ms request_id=req_db100d0b
2026-09-25T14:02:44.448+05:30 ERROR [api-prod-2] db.pool: timeout acquiring connection after 5000ms (size=10 in_use=10 waiting=27) request_id=req_1fe9a17b
2026-09-25T14:02:44.457+05:30 WARN [api-prod-2] http: POST /v1/invoices 504 5009ms request_id=req_1fe9a17b
2026-09-25T14:02:51.785+05:30 ERROR [api-prod-2] db.pool: timeout acquiring connection after 5000ms (size=10 in_use=10 waiting=11) request_id=req_c66b407c
2026-09-25T14:02:51.790+05:30 WARN [api-prod-2] http: GET /v1/invoices?page=2 504 5005ms request_id=req_c66b407c
2026-09-25T14:03:01.464+05:30 ERROR [api-prod-1] db.pool: timeout acquiring connection after 5000ms (size=10 in_use=10 waiting=35) request_id=req_1bf283dd
2026-09-25T14:03:01.472+05:30 WARN [api-prod-1] http: GET /v1/dashboard/summary 504 5008ms request_id=req_1bf283dd
2026-09-25T14:03:13.479+05:30 ERROR [api-prod-2] db.pool: timeout acquiring connection after 5000ms (size=10 in_use=10 waiting=8) request_id=req_a7c5c119
2026-09-25T14:03:13.483+05:30 WARN [api-prod-2] http: GET /v1/invoices?status=sent 504 5004ms request_id=req_a7c5c119
2026-09-25T14:03:17.887+05:30 ERROR [api-prod-2] db.pool: timeout acquiring connection after 5000ms (size=10 in_use=10 waiting=16) request_id=req_6bb75f0b
2026-09-25T14:03:17.892+05:30 WARN [api-prod-2] http: GET /v1/invoices/237 504 5005ms request_id=req_6bb75f0b
2026-09-25T14:03:27.187+05:30 ERROR [api-prod-1] db.pool: timeout acquiring connection after 5000ms (size=10 in_use=10 waiting=15) request_id=req_b2206e18
2026-09-25T14:03:27.194+05:30 WARN [api-prod-1] http: GET /v1/dashboard/summary 504 5007ms request_id=req_b2206e18
2026-09-25T14:03:33.018+05:30 ERROR [api-prod-1] db.pool: timeout acquiring connection after 5000ms (size=10 in_use=10 waiting=39) request_id=req_ac4d2f8f
2026-09-25T14:03:33.030+05:30 WARN [api-prod-1] http: GET /v1/dashboard/summary 504 5012ms request_id=req_ac4d2f8f
2026-09-25T14:03:40.377+05:30 WARN [worker-prod-1] jobs.reconcile: bank-feed API slow (p95 2.8s), each worker holds its db connection while waiting
2026-09-25T14:03:42.526+05:30 ERROR [api-prod-1] db.pool: timeout acquiring connection after 5000ms (size=10 in_use=10 waiting=27) request_id=req_0973638b
2026-09-25T14:03:42.538+05:30 WARN [api-prod-1] http: POST /v1/invoices 504 5012ms request_id=req_0973638b
2026-09-25T14:03:56.263+05:30 ERROR [api-prod-1] db.pool: timeout acquiring connection after 5000ms (size=10 in_use=10 waiting=36) request_id=req_01669f0b
2026-09-25T14:03:56.273+05:30 WARN [api-prod-1] http: GET /v1/dashboard/summary 504 5010ms request_id=req_01669f0b
2026-09-25T14:04:00.374+05:30 ERROR [api-prod-1] db.pool: timeout acquiring connection after 5000ms (size=10 in_use=10 waiting=18) request_id=req_3bed0185
2026-09-25T14:04:00.377+05:30 WARN [api-prod-1] http: GET /v1/invoices?page=1 504 5003ms request_id=req_3bed0185
2026-09-25T14:04:12.192+05:30 ERROR [api-prod-1] db.pool: timeout acquiring connection after 5000ms (size=10 in_use=10 waiting=11) request_id=req_a65a9cfc
2026-09-25T14:04:12.197+05:30 WARN [api-prod-1] http: POST /v1/invoices 504 5005ms request_id=req_a65a9cfc
2026-09-25T14:04:17.988+05:30 ERROR [api-prod-2] db.pool: timeout acquiring connection after 5000ms (size=10 in_use=10 waiting=41) request_id=req_22d8d210
2026-09-25T14:04:17.997+05:30 WARN [api-prod-2] http: GET /v1/invoices?page=2 504 5009ms request_id=req_22d8d210
2026-09-25T14:04:26.431+05:30 ERROR [api-prod-1] db.pool: timeout acquiring connection after 5000ms (size=10 in_use=10 waiting=10) request_id=req_3811b616
2026-09-25T14:04:26.434+05:30 WARN [api-prod-1] http: GET /v1/customers/1007 504 5003ms request_id=req_3811b616
2026-09-25T14:04:31.016+05:30 ERROR [api-prod-2] db.pool: timeout acquiring connection after 5000ms (size=10 in_use=10 waiting=26) request_id=req_b3ca309d
2026-09-25T14:04:31.021+05:30 WARN [api-prod-2] http: GET /v1/dashboard/summary 504 5005ms request_id=req_b3ca309d
2026-09-25T14:04:40.260+05:30 ERROR [api-prod-2] db.pool: timeout acquiring connection after 5000ms (size=10 in_use=10 waiting=21) request_id=req_bbfb9f92
2026-09-25T14:04:40.265+05:30 WARN [api-prod-2] http: GET /v1/customers/1013 504 5005ms request_id=req_bbfb9f92
2026-09-25T14:04:54.941+05:30 ERROR [api-prod-2] db.pool: timeout acquiring connection after 5000ms (size=10 in_use=10 waiting=22) request_id=req_2e26855a
2026-09-25T14:04:54.952+05:30 WARN [api-prod-2] http: POST /v1/invoices 504 5011ms request_id=req_2e26855a
2026-09-25T14:05:08.073+05:30 ERROR [api-prod-1] db.pool: timeout acquiring connection after 5000ms (size=10 in_use=10 waiting=17) request_id=req_0248a185
2026-09-25T14:05:08.076+05:30 WARN [api-prod-1] http: POST /v1/invoices 504 5003ms request_id=req_0248a185
2026-09-25T14:05:12.641+05:30 ERROR [api-prod-2] db.pool: timeout acquiring connection after 5000ms (size=10 in_use=10 waiting=30) request_id=req_69794266
2026-09-25T14:05:12.646+05:30 WARN [api-prod-2] http: GET /v1/invoices?page=2 504 5005ms request_id=req_69794266
2026-09-25T14:05:20.925+05:30 ERROR [api-prod-1] db.pool: timeout acquiring connection after 5000ms (size=10 in_use=10 waiting=18) request_id=req_0633bcf4
2026-09-25T14:05:20.932+05:30 WARN [api-prod-1] http: POST /v1/invoices 504 5007ms request_id=req_0633bcf4
2026-09-25T14:05:26.263+05:30 ERROR [api-prod-1] db.pool: timeout acquiring connection after 5000ms (size=10 in_use=10 waiting=14) request_id=req_b7d6c98f
2026-09-25T14:05:26.266+05:30 WARN [api-prod-1] http: GET /v1/invoices/204 504 5003ms request_id=req_b7d6c98f
2026-09-25T14:05:38.693+05:30 ERROR [api-prod-2] db.pool: timeout acquiring connection after 5000ms (size=10 in_use=10 waiting=14) request_id=req_f7bf356b
2026-09-25T14:05:38.699+05:30 WARN [api-prod-2] http: GET /v1/invoices?status=sent 504 5006ms request_id=req_f7bf356b
2026-09-25T14:05:43.523+05:30 ERROR [api-prod-2] db.pool: timeout acquiring connection after 5000ms (size=10 in_use=10 waiting=19) request_id=req_3e02f600
2026-09-25T14:05:43.527+05:30 WARN [api-prod-2] http: GET /v1/invoices?status=sent 504 5004ms request_id=req_3e02f600
2026-09-25T14:05:56.239+05:30 ERROR [api-prod-1] db.pool: timeout acquiring connection after 5000ms (size=10 in_use=10 waiting=9) request_id=req_f349df0c
2026-09-25T14:05:56.249+05:30 WARN [api-prod-1] http: GET /v1/invoices?page=2 504 5010ms request_id=req_f349df0c
2026-09-25T14:06:04.746+05:30 ERROR [api-prod-1] db.pool: timeout acquiring connection after 5000ms (size=10 in_use=10 waiting=39) request_id=req_1cd71724
2026-09-25T14:06:04.758+05:30 WARN [api-prod-1] http: POST /v1/invoices 504 5012ms request_id=req_1cd71724
2026-09-25T14:06:13.612+05:30 ERROR [api-prod-1] db.pool: timeout acquiring connection after 5000ms (size=10 in_use=10 waiting=10) request_id=req_ec982a88
2026-09-25T14:06:13.616+05:30 WARN [api-prod-1] http: GET /v1/invoices?page=2 504 5004ms request_id=req_ec982a88
2026-09-25T14:06:18.223+05:30 ERROR [api-prod-1] db.pool: timeout acquiring connection after 5000ms (size=10 in_use=10 waiting=21) request_id=req_3a20b849
2026-09-25T14:06:18.234+05:30 WARN [api-prod-1] http: GET /v1/invoices/471 504 5011ms request_id=req_3a20b849
2026-09-25T14:06:26.201+05:30 ERROR [api-prod-2] db.pool: timeout acquiring connection after 5000ms (size=10 in_use=10 waiting=29) request_id=req_16d63ccd
2026-09-25T14:06:26.207+05:30 WARN [api-prod-2] http: POST /v1/invoices 504 5006ms request_id=req_16d63ccd
2026-09-25T14:06:32.562+05:30 ERROR [api-prod-2] db.pool: timeout acquiring connection after 5000ms (size=10 in_use=10 waiting=13) request_id=req_a9d3e34a
2026-09-25T14:06:32.573+05:30 WARN [api-prod-2] http: POST /v1/invoices 504 5011ms request_id=req_a9d3e34a
2026-09-25T14:06:44.038+05:30 ERROR [api-prod-1] db.pool: timeout acquiring connection after 5000ms (size=10 in_use=10 waiting=14) request_id=req_6c250958
2026-09-25T14:06:44.048+05:30 WARN [api-prod-1] http: GET /v1/dashboard/summary 504 5010ms request_id=req_6c250958
2026-09-25T14:06:49.394+05:30 ERROR [api-prod-2] db.pool: timeout acquiring connection after 5000ms (size=10 in_use=10 waiting=40) request_id=req_272ff2bb
2026-09-25T14:06:49.403+05:30 WARN [api-prod-2] http: GET /v1/invoices?page=2 504 5009ms request_id=req_272ff2bb
2026-09-25T14:06:58.766+05:30 ERROR [api-prod-2] db.pool: timeout acquiring connection after 5000ms (size=10 in_use=10 waiting=31) request_id=req_a590fcf8
2026-09-25T14:06:58.769+05:30 WARN [api-prod-2] http: POST /v1/invoices 504 5003ms request_id=req_a590fcf8
2026-09-25T14:07:10.389+05:30 ERROR [api-prod-2] db.pool: timeout acquiring connection after 5000ms (size=10 in_use=10 waiting=10) request_id=req_e0f7436a
2026-09-25T14:07:10.393+05:30 WARN [api-prod-2] http: GET /v1/invoices?status=sent 504 5004ms request_id=req_e0f7436a
2026-09-25T14:07:21.279+05:30 ERROR [api-prod-1] db.pool: timeout acquiring connection after 5000ms (size=10 in_use=10 waiting=34) request_id=req_cc5d0711
2026-09-25T14:07:21.287+05:30 WARN [api-prod-1] http: GET /v1/invoices?status=sent 504 5008ms request_id=req_cc5d0711
2026-09-25T14:07:29.891+05:30 ERROR [api-prod-1] db.pool: timeout acquiring connection after 5000ms (size=10 in_use=10 waiting=39) request_id=req_925a7f3a
2026-09-25T14:07:29.894+05:30 WARN [api-prod-1] http: GET /v1/invoices?page=1 504 5003ms request_id=req_925a7f3a
2026-09-25T14:07:36.492+05:30 ERROR [api-prod-2] db.pool: timeout acquiring connection after 5000ms (size=10 in_use=10 waiting=16) request_id=req_24d84fcc
2026-09-25T14:07:36.499+05:30 WARN [api-prod-2] http: GET /v1/customers/1044 504 5007ms request_id=req_24d84fcc
2026-09-25T14:07:50.273+05:30 ERROR [api-prod-1] db.pool: timeout acquiring connection after 5000ms (size=10 in_use=10 waiting=20) request_id=req_61a1dbb5
2026-09-25T14:07:50.280+05:30 WARN [api-prod-1] http: GET /v1/invoices/194 504 5007ms request_id=req_61a1dbb5
2026-09-25T14:08:01.636+05:30 ERROR [api-prod-2] db.pool: timeout acquiring connection after 5000ms (size=10 in_use=10 waiting=25) request_id=req_0a19cf9e
2026-09-25T14:08:01.645+05:30 WARN [api-prod-2] http: POST /v1/invoices 504 5009ms request_id=req_0a19cf9e
2026-09-25T14:08:16.160+05:30 ERROR [api-prod-1] db.pool: timeout acquiring connection after 5000ms (size=10 in_use=10 waiting=9) request_id=req_61cefc48
2026-09-25T14:08:16.163+05:30 WARN [api-prod-1] http: POST /v1/invoices 504 5003ms request_id=req_61cefc48
2026-09-25T14:08:23.077+05:30 ERROR [api-prod-2] db.pool: timeout acquiring connection after 5000ms (size=10 in_use=10 waiting=34) request_id=req_2b45de0a
2026-09-25T14:08:23.080+05:30 WARN [api-prod-2] http: GET /v1/invoices/183 504 5003ms request_id=req_2b45de0a
2026-09-25T14:08:35.162+05:30 ERROR [api-prod-2] db.pool: timeout acquiring connection after 5000ms (size=10 in_use=10 waiting=25) request_id=req_df80642d
2026-09-25T14:08:35.173+05:30 WARN [api-prod-2] http: POST /v1/invoices 504 5011ms request_id=req_df80642d
2026-09-25T14:08:45.364+05:30 ERROR [api-prod-2] db.pool: timeout acquiring connection after 5000ms (size=10 in_use=10 waiting=39) request_id=req_4a492005
2026-09-25T14:08:45.376+05:30 WARN [api-prod-2] http: POST /v1/invoices 504 5012ms request_id=req_4a492005
2026-09-25T14:08:50.886+05:30 ERROR [api-prod-2] db.pool: timeout acquiring connection after 5000ms (size=10 in_use=10 waiting=30) request_id=req_54a1bd61
2026-09-25T14:08:50.895+05:30 WARN [api-prod-2] http: GET /v1/invoices/55 504 5009ms request_id=req_54a1bd61
2026-09-25T14:08:55.369+05:30 ERROR [api-prod-1] db.pool: timeout acquiring connection after 5000ms (size=10 in_use=10 waiting=40) request_id=req_e4ecaa50
2026-09-25T14:08:55.373+05:30 WARN [api-prod-1] http: GET /v1/invoices?page=1 504 5004ms request_id=req_e4ecaa50
2026-09-25T14:09:03.435+05:30 INFO [api-prod-2] http: GET /v1/invoices?page=1 200 27ms request_id=req_2ba47ab6
2026-09-25T14:09:09.702+05:30 INFO [worker-prod-1] jobs.reconcile: finished batch=2026-09-25 in 431s (567 payments matched, 0 mismatches)
2026-09-25T14:09:12.005+05:30 INFO [api-prod-1] db.pool: recovered (size=10 in_use=2 waiting=0)
2026-09-25T14:09:32.581+05:30 INFO [api-prod-2] http: GET /v1/invoices?page=1 200 80ms request_id=req_203c2464
2026-09-25T14:10:09.354+05:30 INFO [api-prod-2] http: GET /v1/invoices/91 200 70ms request_id=req_7d018729
2026-09-25T14:10:36.546+05:30 INFO [api-prod-2] http: POST /v1/invoices 201 67ms request_id=req_9c5e5441
2026-09-25T14:11:17.193+05:30 INFO [api-prod-2] http: GET /v1/dashboard/summary 200 32ms request_id=req_b7519146
2026-09-25T14:11:28.764+05:30 INFO [api-prod-1] http: GET /v1/customers/1082 200 27ms request_id=req_01f85e88
2026-09-25T14:11:59.489+05:30 INFO [api-prod-1] http: POST /v1/invoices 201 86ms request_id=req_55d5bf3b
2026-09-25T14:12:08.196+05:30 INFO [api-prod-2] http: GET /v1/invoices/459 200 86ms request_id=req_67b43fd2
2026-09-25T14:12:42.999+05:30 INFO [api-prod-1] http: GET /v1/invoices?page=1 200 56ms request_id=req_9ab27fe4
2026-09-25T14:12:55.046+05:30 INFO [api-prod-1] http: GET /v1/invoices/88 200 45ms request_id=req_5deeca02
2026-09-25T14:13:32.944+05:30 INFO [api-prod-1] http: GET /v1/customers/1085 200 139ms request_id=req_43424cff
2026-09-25T14:13:42.843+05:30 INFO [api-prod-2] http: POST /v1/invoices 201 82ms request_id=req_07fcf5a1
2026-09-25T14:14:16.838+05:30 INFO [api-prod-1] http: GET /v1/invoices?status=sent 200 34ms request_id=req_fc2cf770
2026-09-25T14:14:28.190+05:30 INFO [api-prod-2] http: GET /v1/invoices/68 200 93ms request_id=req_02b7e1f0
2026-09-25T14:14:45.752+05:30 INFO [api-prod-2] http: GET /v1/invoices?status=sent 200 81ms request_id=req_0fd26975
2026-09-25T14:15:21.454+05:30 INFO [api-prod-1] http: GET /v1/invoices?status=sent 200 39ms request_id=req_18734ef2
2026-09-25T14:15:55.743+05:30 INFO [api-prod-1] http: GET /v1/customers/1070 200 35ms request_id=req_c2a78bce
2026-09-25T14:16:09.220+05:30 INFO [api-prod-1] http: GET /v1/invoices?page=1 200 61ms request_id=req_b71f9132
2026-09-25T14:16:37.269+05:30 INFO [api-prod-1] http: GET /v1/invoices?status=sent 200 88ms request_id=req_eceba434
2026-09-25T14:16:56.637+05:30 INFO [api-prod-1] http: GET /v1/invoices/93 200 108ms request_id=req_e06185a5
2026-09-25T14:17:16.174+05:30 INFO [api-prod-1] http: GET /v1/invoices?status=sent 200 57ms request_id=req_3992edaf
2026-09-25T14:17:39.008+05:30 INFO [api-prod-2] http: GET /v1/dashboard/summary 200 31ms request_id=req_623de49a
2026-09-25T14:18:16.078+05:30 INFO [api-prod-1] http: GET /v1/invoices?page=1 200 82ms request_id=req_f469f508
2026-09-25T14:18:47.614+05:30 INFO [api-prod-1] http: GET /v1/invoices?status=sent 200 32ms request_id=req_dc9cebf9
2026-09-25T14:19:19.869+05:30 INFO [api-prod-1] http: POST /v1/invoices 201 94ms request_id=req_a83fb26e
2026-09-25T14:19:51.034+05:30 INFO [api-prod-2] http: POST /v1/invoices 201 146ms request_id=req_523fb7dd
2026-09-25T14:20:08.623+05:30 INFO [api-prod-2] http: GET /v1/invoices?page=2 200 91ms request_id=req_ddc583d7
2026-09-25T14:20:35.081+05:30 INFO [api-prod-2] http: GET /v1/invoices/568 200 121ms request_id=req_0aabdac8
2026-09-25T14:21:08.514+05:30 INFO [api-prod-2] http: GET /v1/dashboard/summary 200 105ms request_id=req_9a3f4f68
2026-09-25T14:21:48.929+05:30 INFO [api-prod-2] http: GET /v1/invoices/612 200 87ms request_id=req_ec2cb36b
2026-09-25T14:22:27.778+05:30 INFO [api-prod-1] http: POST /v1/invoices 201 132ms request_id=req_cfe7e590
2026-09-25T14:23:05.173+05:30 INFO [api-prod-2] http: GET /v1/dashboard/summary 200 44ms request_id=req_5a73ad5a
2026-09-25T14:23:24.488+05:30 INFO [api-prod-1] http: POST /v1/invoices 201 123ms request_id=req_a10dc435
2026-09-25T14:23:58.458+05:30 INFO [api-prod-1] http: GET /v1/dashboard/summary 200 133ms request_id=req_01a189f1
2026-09-25T14:24:36.418+05:30 INFO [api-prod-2] http: GET /v1/invoices?page=2 200 46ms request_id=req_55acc654
2026-09-25T14:25:09.631+05:30 INFO [api-prod-2] http: GET /v1/invoices?page=1 200 129ms request_id=req_2df857f9
2026-09-25T14:25:30.482+05:30 INFO [api-prod-1] http: POST /v1/invoices 201 92ms request_id=req_6bf3d283
2026-09-25T14:25:56.288+05:30 INFO [api-prod-2] http: GET /v1/invoices?page=1 200 138ms request_id=req_eeacd63b
2026-09-25T14:26:23.724+05:30 INFO [api-prod-2] http: GET /v1/customers/1011 200 78ms request_id=req_d6643166
2026-09-25T14:26:48.930+05:30 INFO [api-prod-2] http: GET /v1/invoices?page=2 200 109ms request_id=req_9d57a8e7
2026-09-25T14:27:19.659+05:30 INFO [api-prod-1] http: GET /v1/dashboard/summary 200 65ms request_id=req_d75a36cd
2026-09-25T14:27:56.828+05:30 INFO [api-prod-1] http: GET /v1/invoices?page=2 200 115ms request_id=req_6bfabff1
2026-09-25T14:28:23.716+05:30 INFO [api-prod-1] http: GET /v1/dashboard/summary 200 91ms request_id=req_91c575a2
2026-09-25T14:28:43.654+05:30 INFO [api-prod-1] http: GET /v1/invoices?page=2 200 34ms request_id=req_d7ef06e0
2026-09-25T14:29:18.313+05:30 INFO [api-prod-1] http: GET /v1/invoices?page=2 200 60ms request_id=req_34080209
2026-09-25T14:29:47.888+05:30 INFO [api-prod-1] http: GET /v1/invoices?status=sent 200 59ms request_id=req_fbe432c7
2026-09-25T14:30:20.641+05:30 INFO [api-prod-1] http: GET /v1/dashboard/summary 200 105ms request_id=req_b49137bd
2026-09-25T14:30:42.604+05:30 INFO [api-prod-1] http: POST /v1/invoices 201 153ms request_id=req_431c90a3
2026-09-25T14:30:57.867+05:30 INFO [api-prod-2] http: GET /v1/customers/1090 200 85ms request_id=req_cbc8cd78
2026-09-25T14:31:37.188+05:30 INFO [api-prod-2] http: GET /v1/invoices?page=2 200 58ms request_id=req_e0f70eb8
2026-09-25T14:31:46.242+05:30 INFO [api-prod-1] http: GET /v1/invoices?status=sent 200 58ms request_id=req_47ce5e07
2026-09-25T14:32:13.306+05:30 INFO [api-prod-1] http: POST /v1/invoices 201 109ms request_id=req_a8f1a208
2026-09-25T14:32:49.377+05:30 INFO [api-prod-1] http: GET /v1/invoices?page=2 200 78ms request_id=req_78fea8a6
2026-09-25T14:32:58.247+05:30 INFO [api-prod-1] http: GET /v1/invoices/59 200 96ms request_id=req_949dd3bc
2026-09-25T14:33:34.113+05:30 INFO [api-prod-1] http: GET /v1/invoices?page=1 200 122ms request_id=req_5d7a7757
2026-09-25T14:33:58.549+05:30 INFO [api-prod-2] http: GET /v1/dashboard/summary 200 65ms request_id=req_ac6cc3fd
2026-09-25T14:34:08.764+05:30 INFO [api-prod-1] http: GET /v1/customers/1073 200 40ms request_id=req_32489ab6
2026-09-25T14:34:20.190+05:30 INFO [api-prod-2] http: POST /v1/invoices 201 55ms request_id=req_2818563a
2026-09-25T14:34:51.325+05:30 INFO [api-prod-2] http: GET /v1/invoices?page=1 200 92ms request_id=req_e5b6c7a7
2026-09-25T14:35:12.881+05:30 INFO [api-prod-2] http: GET /v1/invoices/320 200 83ms request_id=req_fe344582
2026-09-25T14:35:24.574+05:30 INFO [api-prod-2] http: GET /v1/customers/1065 200 90ms request_id=req_cbcbb6cb
2026-09-25T14:36:02.324+05:30 INFO [api-prod-1] http: GET /v1/invoices?page=1 200 108ms request_id=req_991d92cb
2026-09-25T14:36:40.034+05:30 INFO [api-prod-1] http: POST /v1/invoices 201 79ms request_id=req_3d3700dc
2026-09-25T14:37:16.431+05:30 INFO [api-prod-1] http: GET /v1/invoices?page=2 200 74ms request_id=req_99635b05
2026-09-25T14:37:47.164+05:30 INFO [api-prod-1] http: GET /v1/invoices?page=1 200 132ms request_id=req_a7a6f270
2026-09-25T14:38:06.283+05:30 INFO [api-prod-2] http: POST /v1/invoices 201 103ms request_id=req_523efecd
2026-09-25T14:38:45.753+05:30 INFO [api-prod-2] http: GET /v1/invoices/536 200 90ms request_id=req_0065ede0
2026-09-25T14:39:05.613+05:30 INFO [api-prod-1] http: POST /v1/invoices 201 166ms request_id=req_048e118c
2026-09-25T14:39:17.453+05:30 INFO [api-prod-2] http: GET /v1/invoices?status=sent 200 94ms request_id=req_4bee8f9a
2026-09-25T14:39:55.441+05:30 INFO [api-prod-1] http: POST /v1/invoices 201 107ms request_id=req_21a49dff
2026-09-25T14:40:35.869+05:30 INFO [api-prod-1] http: GET /v1/invoices?status=sent 200 100ms request_id=req_8ba4d115
2026-09-25T14:40:50.813+05:30 INFO [api-prod-1] http: GET /v1/invoices/62 200 29ms request_id=req_aa832882
2026-09-25T14:41:24.102+05:30 INFO [api-prod-1] http: POST /v1/invoices 201 177ms request_id=req_b0b843c2
2026-09-25T14:42:01.116+05:30 INFO [api-prod-1] http: GET /v1/invoices?page=2 200 139ms request_id=req_e4592b55
2026-09-25T14:42:35.301+05:30 INFO [api-prod-2] http: POST /v1/invoices 201 140ms request_id=req_1b5037a4
2026-09-25T14:42:53.642+05:30 INFO [api-prod-2] http: GET /v1/invoices/630 200 54ms request_id=req_0795c5a5
2026-09-25T14:43:08.856+05:30 INFO [api-prod-1] http: GET /v1/invoices?page=1 200 26ms request_id=req_8157d1a6
2026-09-25T14:43:32.202+05:30 INFO [api-prod-1] http: GET /v1/customers/1045 200 73ms request_id=req_61df1d08
2026-09-25T14:44:09.994+05:30 INFO [api-prod-1] http: GET /v1/invoices?page=2 200 12ms request_id=req_9cc1fb63
2026-09-25T14:44:35.807+05:30 INFO [api-prod-2] http: POST /v1/invoices 201 108ms request_id=req_969faeaf
2026-09-25T14:45:14.766+05:30 INFO [api-prod-2] http: GET /v1/dashboard/summary 200 55ms request_id=req_75b984da
2026-09-25T14:45:48.049+05:30 INFO [api-prod-2] http: GET /v1/invoices/18 200 140ms request_id=req_a57f42ce
2026-09-25T14:46:00.218+05:30 INFO [api-prod-1] http: GET /v1/dashboard/summary 200 93ms request_id=req_360bfee8
2026-09-25T14:46:25.333+05:30 INFO [api-prod-2] http: GET /v1/dashboard/summary 200 15ms request_id=req_f494cdc9
2026-09-25T14:46:56.123+05:30 INFO [api-prod-2] http: GET /v1/dashboard/summary 200 40ms request_id=req_1db0585e
2026-09-25T14:47:20.961+05:30 INFO [api-prod-2] http: POST /v1/invoices 201 129ms request_id=req_0f3d1181
2026-09-25T14:47:46.426+05:30 INFO [api-prod-2] http: GET /v1/customers/1049 200 117ms request_id=req_03f91556
2026-09-25T14:48:23.061+05:30 INFO [api-prod-1] http: GET /v1/dashboard/summary 200 48ms request_id=req_2b4d7a7d
2026-09-25T14:49:03.196+05:30 INFO [api-prod-1] http: GET /v1/invoices?page=2 200 117ms request_id=req_d53028d5
2026-09-25T14:49:36.032+05:30 INFO [api-prod-1] http: POST /v1/invoices 201 114ms request_id=req_fb5db7ac
2026-09-25T14:49:49.952+05:30 INFO [api-prod-2] http: GET /v1/dashboard/summary 200 47ms request_id=req_6e6b1459
2026-09-25T14:50:14.500+05:30 INFO [api-prod-2] http: POST /v1/invoices 201 86ms request_id=req_0f0880cc
2026-09-25T14:50:49.889+05:30 INFO [api-prod-2] http: GET /v1/invoices?page=2 200 133ms request_id=req_ad41f52e
2026-09-25T14:51:06.791+05:30 INFO [api-prod-2] http: GET /v1/invoices?page=2 200 72ms request_id=req_88fd9a2a
2026-09-25T14:51:39.690+05:30 INFO [api-prod-1] http: GET /v1/invoices/541 200 87ms request_id=req_bda5366e
2026-09-25T14:52:15.948+05:30 INFO [api-prod-1] http: POST /v1/invoices 201 142ms request_id=req_c4df6068
2026-09-25T14:52:46.567+05:30 INFO [api-prod-1] http: GET /v1/customers/1068 200 65ms request_id=req_cec5f664
2026-09-25T14:53:20.928+05:30 INFO [api-prod-2] http: GET /v1/dashboard/summary 200 56ms request_id=req_75755916
2026-09-25T14:53:36.810+05:30 INFO [api-prod-1] http: GET /v1/invoices?page=1 200 123ms request_id=req_84ee490d
2026-09-25T14:53:56.486+05:30 INFO [api-prod-1] http: GET /v1/invoices?status=sent 200 106ms request_id=req_2ac1ef04
2026-09-25T14:54:14.153+05:30 INFO [api-prod-2] http: GET /v1/customers/1076 200 85ms request_id=req_0a2b2b49
2026-09-25T14:54:40.151+05:30 INFO [api-prod-2] http: GET /v1/invoices?page=2 200 41ms request_id=req_e04eb33f
2026-09-25T14:55:18.054+05:30 INFO [api-prod-2] http: GET /v1/invoices?page=1 200 76ms request_id=req_95328b66
2026-09-25T14:55:47.927+05:30 INFO [api-prod-2] http: GET /v1/invoices?page=2 200 54ms request_id=req_662971fa
2026-09-25T14:56:28.869+05:30 INFO [api-prod-2] http: GET /v1/invoices?page=1 200 66ms request_id=req_555c90f0
2026-09-25T14:57:02.250+05:30 INFO [api-prod-2] http: POST /v1/invoices 201 151ms request_id=req_64e3d77e
2026-09-25T14:57:18.627+05:30 INFO [api-prod-2] http: POST /v1/invoices 201 166ms request_id=req_45fba279
2026-09-25T14:57:45.803+05:30 INFO [api-prod-2] http: POST /v1/invoices 201 102ms request_id=req_9925f1dc
2026-09-25T14:57:54.794+05:30 INFO [api-prod-2] http: GET /v1/customers/1054 200 93ms request_id=req_e4c5a732
2026-09-25T14:58:27.058+05:30 INFO [api-prod-2] http: GET /v1/invoices?page=1 200 48ms request_id=req_68d21779
2026-09-25T14:58:42.497+05:30 INFO [api-prod-2] http: POST /v1/invoices 201 93ms request_id=req_3e88b19f
2026-09-25T14:58:55.870+05:30 INFO [api-prod-2] http: GET /v1/customers/1022 200 134ms request_id=req_2813429a
2026-09-25T14:59:33.318+05:30 INFO [api-prod-2] http: GET /v1/invoices/468 200 138ms request_id=req_ae6e828a
2026-09-25T15:00:08.841+05:30 INFO [api-prod-1] http: GET /v1/dashboard/summary 200 104ms request_id=req_1be44147
2026-09-25T15:00:39.977+05:30 INFO [api-prod-1] http: GET /v1/customers/1084 200 62ms request_id=req_37ef566d
2026-09-25T15:00:52.733+05:30 INFO [api-prod-1] http: GET /v1/invoices?page=2 200 77ms request_id=req_3baba4e4
2026-09-25T15:01:18.642+05:30 INFO [api-prod-2] http: POST /v1/invoices 201 97ms request_id=req_f9173deb
2026-09-25T15:01:45.925+05:30 INFO [api-prod-2] http: GET /v1/customers/1058 200 32ms request_id=req_abb3c5aa
2026-09-25T15:02:03.412+05:30 INFO [api-prod-1] http: GET /v1/invoices?status=sent 200 18ms request_id=req_c8e8d0db
2026-09-25T15:02:41.584+05:30 INFO [api-prod-2] http: GET /v1/invoices?page=2 200 33ms request_id=req_0564c7b0
2026-09-25T15:03:13.945+05:30 INFO [api-prod-2] http: POST /v1/invoices 201 105ms request_id=req_dc51e2fe
2026-09-25T15:03:50.295+05:30 INFO [api-prod-1] http: GET /v1/invoices?page=2 200 51ms request_id=req_6c390198
2026-09-25T15:04:10.581+05:30 INFO [api-prod-2] http: GET /v1/invoices/26 200 108ms request_id=req_abf6cf85
2026-09-25T15:04:25.293+05:30 INFO [api-prod-2] http: GET /v1/customers/1017 200 13ms request_id=req_4db47173
2026-09-25T15:04:35.776+05:30 INFO [api-prod-2] http: GET /v1/customers/1065 200 119ms request_id=req_3ee7d41a
2026-09-25T15:04:51.963+05:30 INFO [api-prod-1] http: GET /v1/invoices?status=sent 200 101ms request_id=req_8f58ee90
2026-09-25T15:05:21.076+05:30 INFO [api-prod-1] http: GET /v1/invoices?page=2 200 123ms request_id=req_f4c8e0c9
2026-09-25T15:05:45.251+05:30 INFO [api-prod-1] http: GET /v1/dashboard/summary 200 106ms request_id=req_a82f391a
2026-09-25T15:06:01.399+05:30 INFO [api-prod-2] http: POST /v1/invoices 201 144ms request_id=req_121cdefa
2026-09-25T15:06:11.853+05:30 INFO [api-prod-1] http: POST /v1/invoices 201 175ms request_id=req_552dc22d
2026-09-25T15:06:20.816+05:30 INFO [api-prod-2] http: GET /v1/dashboard/summary 200 129ms request_id=req_342892d6
2026-09-25T15:06:36.718+05:30 INFO [api-prod-2] http: GET /v1/invoices/347 200 65ms request_id=req_9939ba14
2026-09-25T15:07:16.003+05:30 INFO [api-prod-1] http: GET /v1/invoices?page=2 200 97ms request_id=req_1d2ef83d
2026-09-25T15:07:28.834+05:30 INFO [api-prod-2] http: GET /v1/customers/1089 200 19ms request_id=req_f2700a24
2026-09-25T15:07:43.451+05:30 INFO [api-prod-1] http: GET /v1/invoices?page=2 200 85ms request_id=req_2db02d32
2026-09-25T15:07:57.315+05:30 INFO [api-prod-1] http: GET /v1/invoices?status=sent 200 52ms request_id=req_667cbf6a
2026-09-25T15:08:30.576+05:30 INFO [api-prod-2] http: GET /v1/invoices?page=2 200 44ms request_id=req_f059812b
2026-09-25T15:08:51.633+05:30 INFO [api-prod-1] http: GET /v1/invoices/524 200 58ms request_id=req_04d70e6d
2026-09-25T15:09:27.221+05:30 INFO [api-prod-2] http: GET /v1/dashboard/summary 200 60ms request_id=req_4c67e5c9
2026-09-25T15:09:37.388+05:30 INFO [api-prod-2] http: GET /v1/invoices?page=1 200 14ms request_id=req_33f60759
2026-09-25T15:10:01.393+05:30 INFO [api-prod-2] http: GET /v1/invoices?page=1 200 130ms request_id=req_fdf966a2
2026-09-25T15:10:26.865+05:30 INFO [api-prod-1] http: GET /v1/dashboard/summary 200 137ms request_id=req_a9e6bb58
2026-09-25T15:10:45.880+05:30 INFO [api-prod-2] http: GET /v1/invoices/73 200 97ms request_id=req_0a170f60
2026-09-25T15:10:59.040+05:30 INFO [api-prod-2] http: GET /v1/invoices?status=sent 200 59ms request_id=req_582fd7dd
2026-09-25T15:11:12.589+05:30 INFO [api-prod-1] http: POST /v1/invoices 201 68ms request_id=req_36d33bc4
2026-09-25T15:11:47.946+05:30 INFO [api-prod-2] http: GET /v1/invoices?status=sent 200 103ms request_id=req_5c3e9e25
2026-09-25T15:11:57.902+05:30 INFO [api-prod-2] http: GET /v1/invoices/220 200 58ms request_id=req_c8e1a36c
2026-09-25T15:12:16.449+05:30 INFO [api-prod-1] http: GET /v1/invoices?page=2 200 139ms request_id=req_4b2d02c0
2026-09-25T15:12:55.924+05:30 INFO [api-prod-2] http: GET /v1/dashboard/summary 200 111ms request_id=req_167b1a66
2026-09-25T15:13:04.357+05:30 INFO [api-prod-1] http: GET /v1/customers/1043 200 34ms request_id=req_a9636157
2026-09-25T15:13:19.331+05:30 INFO [api-prod-2] http: POST /v1/invoices 201 89ms request_id=req_9ebaaec9
2026-09-25T15:13:30.873+05:30 INFO [api-prod-2] http: GET /v1/invoices/33 200 111ms request_id=req_bf84d21c
2026-09-25T15:13:40.925+05:30 INFO [api-prod-2] http: POST /v1/invoices 201 113ms request_id=req_e40e5042
2026-09-25T15:14:16.479+05:30 INFO [api-prod-2] http: GET /v1/customers/1067 200 67ms request_id=req_c9bdaff8
2026-09-25T15:14:34.077+05:30 INFO [api-prod-2] http: GET /v1/dashboard/summary 200 123ms request_id=req_450db676
2026-09-25T15:14:48.699+05:30 INFO [api-prod-2] http: GET /v1/invoices?page=1 200 92ms request_id=req_faf6166b
2026-09-25T15:15:27.117+05:30 INFO [api-prod-1] http: GET /v1/invoices?page=1 200 138ms request_id=req_6fbde3b7
2026-09-25T15:15:59.887+05:30 INFO [api-prod-2] http: GET /v1/invoices/311 200 105ms request_id=req_11cc9523
2026-09-25T15:16:30.840+05:30 INFO [api-prod-2] http: POST /v1/invoices 201 172ms request_id=req_43910fcf
2026-09-25T15:16:39.568+05:30 INFO [api-prod-1] http: GET /v1/invoices?page=1 200 116ms request_id=req_eda3759e
2026-09-25T15:16:51.283+05:30 INFO [api-prod-2] http: POST /v1/invoices 201 116ms request_id=req_90731312
2026-09-25T15:17:01.695+05:30 INFO [api-prod-2] http: GET /v1/invoices?page=1 200 82ms request_id=req_34edab04
2026-09-25T15:17:19.093+05:30 INFO [api-prod-1] http: GET /v1/customers/1001 200 55ms request_id=req_0b085917
2026-09-25T15:17:44.056+05:30 INFO [api-prod-1] http: GET /v1/invoices?status=sent 200 112ms request_id=req_ceb4dbcf
2026-09-25T15:18:07.023+05:30 INFO [api-prod-1] http: POST /v1/invoices 201 99ms request_id=req_bf89ee40
2026-09-25T15:18:39.603+05:30 INFO [api-prod-1] http: GET /v1/invoices?status=sent 200 38ms request_id=req_72fee6a7
2026-09-25T15:19:03.350+05:30 INFO [api-prod-2] http: GET /v1/invoices?status=sent 200 115ms request_id=req_d400eba0
2026-09-25T15:19:29.732+05:30 INFO [api-prod-2] http: GET /v1/invoices/364 200 119ms request_id=req_5ee28deb
2026-09-25T15:19:38.730+05:30 INFO [api-prod-1] http: POST /v1/invoices 201 133ms request_id=req_f302a618
2026-09-25T15:19:53.023+05:30 INFO [api-prod-2] http: GET /v1/invoices/142 200 86ms request_id=req_c64d36a6
2026-09-25T15:20:21.555+05:30 INFO [api-prod-2] http: GET /v1/invoices?page=2 200 84ms request_id=req_8a7a9ffa
2026-09-25T15:20:47.517+05:30 INFO [api-prod-2] http: GET /v1/invoices?page=1 200 50ms request_id=req_c9b85cdd
2026-09-25T15:21:03.489+05:30 INFO [api-prod-1] http: GET /v1/customers/1026 200 65ms request_id=req_7fc9b94f
2026-09-25T15:21:15.669+05:30 INFO [api-prod-2] http: GET /v1/invoices?page=1 200 27ms request_id=req_8b6d93d4
2026-09-25T15:21:41.068+05:30 INFO [api-prod-2] http: GET /v1/invoices?status=sent 200 93ms request_id=req_228e9838
2026-09-25T15:22:13.028+05:30 INFO [api-prod-2] http: GET /v1/invoices?page=2 200 42ms request_id=req_3f59c71f
2026-09-25T15:22:51.060+05:30 INFO [api-prod-2] http: GET /v1/invoices?page=1 200 50ms request_id=req_c912782c
2026-09-25T15:23:19.511+05:30 INFO [api-prod-1] http: GET /v1/dashboard/summary 200 134ms request_id=req_c7918362
2026-09-25T15:23:55.143+05:30 INFO [api-prod-2] http: GET /v1/invoices?status=sent 200 105ms request_id=req_058aa485
2026-09-25T15:24:11.450+05:30 INFO [api-prod-2] http: GET /v1/invoices?page=1 200 25ms request_id=req_db989343
2026-09-25T15:24:37.201+05:30 INFO [api-prod-2] http: GET /v1/customers/1080 200 54ms request_id=req_6b17707e
2026-09-25T15:25:00.947+05:30 INFO [api-prod-2] http: POST /v1/invoices 201 118ms request_id=req_b0e17591
2026-09-25T15:25:27.041+05:30 INFO [api-prod-1] http: GET /v1/invoices?page=1 200 68ms request_id=req_905eeb35
2026-09-25T15:25:55.024+05:30 INFO [api-prod-2] http: POST /v1/invoices 201 95ms request_id=req_4e6b88bf
2026-09-25T15:26:20.792+05:30 INFO [api-prod-2] http: GET /v1/invoices?page=1 200 135ms request_id=req_02de7b75
2026-09-25T15:26:31.399+05:30 INFO [api-prod-2] http: POST /v1/invoices 201 59ms request_id=req_55c6b2dd
2026-09-25T15:27:04.163+05:30 INFO [api-prod-1] http: GET /v1/dashboard/summary 200 101ms request_id=req_34302097
2026-09-25T15:27:34.672+05:30 INFO [api-prod-1] http: GET /v1/invoices/164 200 122ms request_id=req_67d9c17c
2026-09-25T15:27:43.263+05:30 INFO [api-prod-1] http: GET /v1/invoices?page=2 200 85ms request_id=req_976857c8
2026-09-25T15:28:06.639+05:30 INFO [api-prod-2] http: GET /v1/invoices?page=1 200 38ms request_id=req_8479b54c
2026-09-25T15:28:41.949+05:30 INFO [api-prod-1] http: GET /v1/customers/1047 200 79ms request_id=req_1ef31110
2026-09-25T15:29:09.220+05:30 INFO [api-prod-1] http: GET /v1/invoices?status=sent 200 21ms request_id=req_66feb87d
2026-09-25T15:29:43.731+05:30 INFO [api-prod-2] http: GET /v1/invoices/249 200 64ms request_id=req_7c4cce24
2026-09-25T15:29:53.311+05:30 INFO [api-prod-2] http: GET /v1/invoices?status=sent 200 44ms request_id=req_df942a35
2026-09-25T15:30:20.684+05:30 INFO [api-prod-1] http: GET /v1/dashboard/summary 200 22ms request_id=req_f0cb283c
2026-09-25T15:30:29.884+05:30 INFO [api-prod-2] http: GET /v1/dashboard/summary 200 138ms request_id=req_16a8ba3c
2026-09-25T15:30:54.571+05:30 INFO [api-prod-2] http: GET /v1/dashboard/summary 200 105ms request_id=req_2a9919fb
2026-09-25T15:31:19.736+05:30 INFO [api-prod-1] http: GET /v1/invoices?page=2 200 120ms request_id=req_c9916b60
2026-09-25T15:31:49.845+05:30 INFO [api-prod-1] http: GET /v1/invoices/637 200 102ms request_id=req_5d5dee26
2026-09-25T15:32:28.566+05:30 INFO [api-prod-1] http: GET /v1/customers/1012 200 120ms request_id=req_2cac00f2
2026-09-25T15:32:40.763+05:30 INFO [api-prod-1] http: GET /v1/invoices?page=2 200 24ms request_id=req_0d10e763
2026-09-25T15:33:12.820+05:30 INFO [api-prod-2] http: GET /v1/invoices/305 200 17ms request_id=req_aa8b33d0
2026-09-25T15:33:34.755+05:30 INFO [api-prod-2] http: GET /v1/customers/1043 200 72ms request_id=req_af1eb227
2026-09-25T15:34:10.068+05:30 INFO [api-prod-2] http: GET /v1/invoices?page=1 200 22ms request_id=req_c472c6d5
2026-09-25T15:34:49.066+05:30 INFO [api-prod-2] http: POST /v1/invoices 201 164ms request_id=req_6db58069
2026-09-25T15:35:13.202+05:30 INFO [api-prod-1] http: GET /v1/invoices?page=2 200 107ms request_id=req_8796cf40
2026-09-25T15:35:51.519+05:30 INFO [api-prod-1] http: GET /v1/customers/1090 200 137ms request_id=req_c35b3bea
2026-09-25T15:36:10.067+05:30 INFO [api-prod-1] http: GET /v1/dashboard/summary 200 45ms request_id=req_4ffd996d
2026-09-25T15:36:23.807+05:30 INFO [api-prod-1] http: POST /v1/invoices 201 96ms request_id=req_a50f6549
2026-09-25T15:36:39.980+05:30 INFO [api-prod-2] http: GET /v1/invoices?page=1 200 102ms request_id=req_83824a30
2026-09-25T15:37:15.721+05:30 INFO [api-prod-1] http: GET /v1/dashboard/summary 200 113ms request_id=req_c06ac80b
2026-09-25T15:37:32.064+05:30 INFO [api-prod-2] http: GET /v1/invoices/179 200 85ms request_id=req_9129532a
2026-09-25T15:38:07.250+05:30 INFO [api-prod-1] http: GET /v1/invoices?status=sent 200 49ms request_id=req_ad530106
2026-09-25T15:38:47.232+05:30 INFO [api-prod-2] http: GET /v1/customers/1023 200 47ms request_id=req_aa33552f
2026-09-25T15:39:09.246+05:30 INFO [api-prod-2] http: GET /v1/invoices/77 200 125ms request_id=req_052b0c28
2026-09-25T15:39:21.512+05:30 INFO [api-prod-1] http: GET /v1/customers/1039 200 107ms request_id=req_cd538464
2026-09-25T15:40:00.009+05:30 INFO [api-prod-2] http: GET /v1/invoices?page=2 200 97ms request_id=req_06af1f31
2026-09-25T15:40:11.022+05:30 INFO [api-prod-2] http: POST /v1/invoices 201 159ms request_id=req_b69f6b31
2026-09-25T15:40:39.817+05:30 INFO [api-prod-1] http: GET /v1/dashboard/summary 200 66ms request_id=req_febb2445
2026-09-25T15:41:12.556+05:30 INFO [api-prod-2] http: GET /v1/customers/1044 200 110ms request_id=req_d26ef5e2
2026-09-25T15:41:47.765+05:30 INFO [api-prod-1] http: GET /v1/customers/1062 200 85ms request_id=req_bb063693
2026-09-25T15:42:28.366+05:30 INFO [api-prod-2] http: GET /v1/dashboard/summary 200 12ms request_id=req_ae17a3f9
2026-09-25T15:42:48.471+05:30 INFO [api-prod-2] http: POST /v1/invoices 201 79ms request_id=req_fa0bd667
2026-09-25T15:43:01.613+05:30 INFO [api-prod-2] http: GET /v1/invoices?page=2 200 54ms request_id=req_3d4b1f1e
2026-09-25T15:43:40.699+05:30 INFO [api-prod-1] http: GET /v1/invoices?page=2 200 131ms request_id=req_2bb38d2e
2026-09-25T15:44:03.341+05:30 INFO [api-prod-2] http: POST /v1/invoices 201 77ms request_id=req_f325f17e
2026-09-25T15:44:35.029+05:30 INFO [api-prod-1] http: GET /v1/invoices?status=sent 200 84ms request_id=req_21e35de1
2026-09-25T15:44:51.637+05:30 INFO [api-prod-2] http: POST /v1/invoices 201 138ms request_id=req_5ac38970
2026-09-25T15:45:16.316+05:30 INFO [api-prod-2] http: GET /v1/invoices?page=2 200 120ms request_id=req_14cf295f
2026-09-25T15:45:52.771+05:30 INFO [api-prod-1] http: GET /v1/invoices?page=2 200 40ms request_id=req_d716ca2f
2026-09-25T15:46:04.942+05:30 INFO [api-prod-2] http: GET /v1/customers/1073 200 26ms request_id=req_a791a571
2026-09-25T15:46:37.703+05:30 INFO [api-prod-1] http: GET /v1/invoices?page=1 200 87ms request_id=req_c47e5ab3
2026-09-25T15:46:54.627+05:30 INFO [api-prod-2] http: POST /v1/invoices 201 85ms request_id=req_dc97dd3a
2026-09-25T15:47:09.934+05:30 INFO [api-prod-2] http: GET /v1/invoices?status=sent 200 26ms request_id=req_3741674a
2026-09-25T15:47:39.673+05:30 INFO [api-prod-1] http: POST /v1/invoices 201 159ms request_id=req_5f1f1a65
2026-09-25T15:48:19.856+05:30 INFO [api-prod-1] http: GET /v1/dashboard/summary 200 47ms request_id=req_d8f4dd44
2026-09-25T15:48:57.186+05:30 INFO [api-prod-1] http: GET /v1/dashboard/summary 200 117ms request_id=req_e9d9353a
2026-09-25T15:49:36.151+05:30 INFO [api-prod-2] http: POST /v1/invoices 201 88ms request_id=req_29661d87
2026-09-25T15:50:10.443+05:30 INFO [api-prod-1] http: GET /v1/invoices?status=sent 200 48ms request_id=req_901be079
2026-09-25T15:50:44.533+05:30 INFO [api-prod-2] http: POST /v1/invoices 201 95ms request_id=req_96beb4cd
2026-09-25T15:51:21.069+05:30 INFO [api-prod-1] http: GET /v1/invoices?status=sent 200 62ms request_id=req_841ccd54
2026-09-25T15:51:39.618+05:30 INFO [api-prod-1] http: GET /v1/invoices?page=2 200 107ms request_id=req_0727e593
2026-09-25T15:52:15.755+05:30 INFO [api-prod-1] http: GET /v1/invoices?page=2 200 68ms request_id=req_4d9a80ed
2026-09-25T15:52:23.852+05:30 INFO [api-prod-2] http: GET /v1/invoices/160 200 80ms request_id=req_f6a0b1a0
2026-09-25T15:52:44.130+05:30 INFO [api-prod-1] http: GET /v1/dashboard/summary 200 41ms request_id=req_9e7eb2b7
2026-09-25T15:53:00.714+05:30 INFO [api-prod-1] http: GET /v1/dashboard/summary 200 44ms request_id=req_90afbc28
2026-09-25T15:53:22.630+05:30 INFO [api-prod-1] http: GET /v1/invoices?page=1 200 35ms request_id=req_ae6cede9
2026-09-25T15:53:40.462+05:30 INFO [api-prod-1] http: GET /v1/invoices?page=1 200 37ms request_id=req_7891891f
2026-09-25T15:54:18.921+05:30 INFO [api-prod-2] http: GET /v1/customers/1072 200 127ms request_id=req_42a7f39f
2026-09-25T15:54:50.905+05:30 INFO [api-prod-2] http: GET /v1/invoices?page=1 200 91ms request_id=req_2984f472
2026-09-25T15:55:25.857+05:30 INFO [api-prod-2] http: GET /v1/invoices?status=sent 200 92ms request_id=req_b054fbeb
2026-09-25T15:55:50.111+05:30 INFO [api-prod-1] http: GET /v1/invoices?page=2 200 86ms request_id=req_e5d665dd
2026-09-25T15:56:15.301+05:30 INFO [api-prod-2] http: GET /v1/invoices?page=2 200 126ms request_id=req_6dbe09e9
2026-09-25T15:56:28.639+05:30 INFO [api-prod-2] http: GET /v1/invoices?page=1 200 103ms request_id=req_e9a5a430
2026-09-25T15:56:47.792+05:30 INFO [api-prod-1] http: GET /v1/invoices?status=sent 200 40ms request_id=req_fc6c7d26
2026-09-25T15:57:26.981+05:30 INFO [api-prod-2] http: GET /v1/invoices?status=sent 200 34ms request_id=req_26f7dcc6
2026-09-25T15:58:04.646+05:30 INFO [api-prod-2] http: GET /v1/dashboard/summary 200 66ms request_id=req_ffe844d6
2026-09-25T15:58:34.163+05:30 INFO [api-prod-2] http: GET /v1/invoices?page=1 200 56ms request_id=req_24a9d3b8
2026-09-25T15:58:56.629+05:30 INFO [api-prod-2] http: GET /v1/customers/1078 200 108ms request_id=req_43afa5ef
2026-09-25T15:59:14.637+05:30 INFO [api-prod-2] http: GET /v1/dashboard/summary 200 73ms request_id=req_389c1c4d
2026-09-25T15:59:54.664+05:30 INFO [api-prod-1] http: POST /v1/invoices 201 114ms request_id=req_c26a5d5c
2026-09-25T16:00:28.391+05:30 INFO [api-prod-2] http: POST /v1/invoices 201 118ms request_id=req_1f3ea9f8
2026-09-25T16:01:06.667+05:30 INFO [api-prod-2] http: GET /v1/customers/1083 200 59ms request_id=req_807352aa
2026-09-25T16:01:24.938+05:30 INFO [api-prod-1] http: POST /v1/invoices 201 75ms request_id=req_60801598
2026-09-25T16:01:53.000+05:30 INFO [api-prod-2] http: GET /v1/customers/1026 200 76ms request_id=req_102c08ba
2026-09-25T16:02:27.454+05:30 INFO [api-prod-2] http: GET /v1/invoices?status=sent 200 18ms request_id=req_154fb096
2026-09-25T16:03:05.577+05:30 INFO [api-prod-1] http: GET /v1/invoices?status=sent 200 32ms request_id=req_cbc7a144
2026-09-25T16:03:27.697+05:30 INFO [api-prod-2] http: GET /v1/dashboard/summary 200 42ms request_id=req_8c02044d
2026-09-25T16:03:58.780+05:30 INFO [api-prod-2] http: GET /v1/dashboard/summary 200 91ms request_id=req_b2d5bfe3
2026-09-25T16:04:16.548+05:30 INFO [api-prod-1] http: GET /v1/invoices?page=2 200 60ms request_id=req_c8bd474c
2026-09-25T16:04:30.628+05:30 INFO [api-prod-1] http: GET /v1/invoices?page=1 200 85ms request_id=req_672c0deb
2026-09-25T16:05:10.889+05:30 INFO [api-prod-1] http: POST /v1/invoices 201 61ms request_id=req_99c8d00d
2026-09-25T16:05:21.620+05:30 INFO [api-prod-1] http: POST /v1/invoices 201 140ms request_id=req_a43ef993
2026-09-25T16:05:59.598+05:30 INFO [api-prod-1] http: GET /v1/invoices/101 200 46ms request_id=req_e7d8d125
2026-09-25T16:06:27.556+05:30 INFO [api-prod-2] http: POST /v1/invoices 201 137ms request_id=req_2f80cd62
2026-09-25T16:06:46.295+05:30 INFO [api-prod-2] http: GET /v1/dashboard/summary 200 125ms request_id=req_f05abf36
2026-09-25T16:07:24.473+05:30 INFO [api-prod-2] http: POST /v1/invoices 201 154ms request_id=req_9072a1c5
2026-09-25T16:07:48.575+05:30 INFO [api-prod-2] http: GET /v1/dashboard/summary 200 80ms request_id=req_f4ba9ae6
2026-09-25T16:08:00.578+05:30 INFO [api-prod-2] http: GET /v1/invoices?page=2 200 36ms request_id=req_a2de342d
2026-09-25T16:08:24.062+05:30 INFO [api-prod-2] http: POST /v1/invoices 201 175ms request_id=req_770d7b0a
2026-09-25T16:08:42.211+05:30 INFO [api-prod-2] http: GET /v1/customers/1001 200 39ms request_id=req_6831a3e7
2026-09-25T16:09:22.764+05:30 INFO [api-prod-1] http: GET /v1/invoices?page=2 200 37ms request_id=req_8c66fb5d
2026-09-25T16:09:54.189+05:30 INFO [api-prod-1] http: POST /v1/invoices 201 86ms request_id=req_b5e07e11
2026-09-25T16:10:21.236+05:30 INFO [api-prod-1] http: GET /v1/dashboard/summary 200 65ms request_id=req_2586b39e
2026-09-25T16:11:00.129+05:30 INFO [api-prod-1] http: GET /v1/customers/1058 200 49ms request_id=req_d5a5d6ec
2026-09-25T16:11:10.938+05:30 INFO [api-prod-2] http: POST /v1/invoices 201 81ms request_id=req_ef865309
2026-09-25T16:11:35.536+05:30 INFO [api-prod-1] http: GET /v1/invoices?status=sent 200 61ms request_id=req_610fcbea
2026-09-25T16:11:54.809+05:30 INFO [api-prod-1] http: POST /v1/invoices 201 98ms request_id=req_5a21bfea
2026-09-25T16:12:12.660+05:30 INFO [api-prod-2] http: POST /v1/invoices 201 83ms request_id=req_279c949c
2026-09-25T16:12:41.684+05:30 INFO [api-prod-2] http: GET /v1/invoices/564 200 41ms request_id=req_a2307044
2026-09-25T16:12:53.524+05:30 INFO [api-prod-2] http: GET /v1/invoices?page=2 200 55ms request_id=req_f28f7f6a
2026-09-25T16:13:24.642+05:30 INFO [api-prod-2] http: POST /v1/invoices 201 96ms request_id=req_37c95130
2026-09-25T16:14:00.902+05:30 INFO [api-prod-2] http: GET /v1/invoices/572 200 87ms request_id=req_e25a1f88
2026-09-25T16:14:11.956+05:30 INFO [api-prod-2] http: POST /v1/invoices 201 167ms request_id=req_7f0c7d04
2026-09-25T16:14:30.382+05:30 INFO [api-prod-2] http: GET /v1/invoices?page=1 200 70ms request_id=req_e26baefa
2026-09-25T16:15:06.968+05:30 INFO [api-prod-2] http: POST /v1/invoices 201 70ms request_id=req_3d7e49f8
2026-09-25T16:15:16.710+05:30 INFO [api-prod-1] http: GET /v1/customers/1069 200 127ms request_id=req_9a4cd981
2026-09-25T16:15:40.443+05:30 INFO [api-prod-2] http: GET /v1/invoices?status=sent 200 63ms request_id=req_7a672690
2026-09-25T16:16:16.566+05:30 INFO [api-prod-1] http: POST /v1/invoices 201 165ms request_id=req_1968b670
2026-09-25T16:16:55.082+05:30 INFO [api-prod-1] http: POST /v1/invoices 201 74ms request_id=req_ca096716
2026-09-25T16:17:33.565+05:30 INFO [api-prod-2] http: GET /v1/invoices?status=sent 200 19ms request_id=req_4fb67bbb
2026-09-25T16:18:07.842+05:30 INFO [api-prod-1] http: GET /v1/invoices?status=sent 200 110ms request_id=req_1cc274f5
2026-09-25T16:18:41.246+05:30 INFO [api-prod-1] http: GET /v1/dashboard/summary 200 108ms request_id=req_70fa5a87
2026-09-25T16:19:08.297+05:30 INFO [api-prod-1] http: POST /v1/invoices 201 55ms request_id=req_c123829b
2026-09-25T16:19:34.536+05:30 INFO [api-prod-2] http: GET /v1/invoices?page=1 200 66ms request_id=req_0aa9879d
2026-09-25T16:19:59.693+05:30 INFO [api-prod-2] http: POST /v1/invoices 201 132ms request_id=req_56009ff6
2026-09-25T16:20:39.445+05:30 INFO [api-prod-1] http: GET /v1/invoices?page=2 200 107ms request_id=req_9eb814ad
2026-09-25T16:20:50.989+05:30 INFO [api-prod-2] http: GET /v1/invoices/239 200 136ms request_id=req_ef8736a5
2026-09-25T16:21:18.963+05:30 INFO [api-prod-2] http: GET /v1/invoices/368 200 86ms request_id=req_b910cc62
2026-09-25T16:21:51.659+05:30 INFO [api-prod-1] http: GET /v1/customers/1066 200 32ms request_id=req_00c72d6e
2026-09-25T16:22:23.122+05:30 INFO [api-prod-1] http: GET /v1/invoices/545 200 39ms request_id=req_3c7a06ce
2026-09-25T16:22:51.033+05:30 INFO [api-prod-1] http: GET /v1/dashboard/summary 200 27ms request_id=req_bd2a330d
2026-09-25T16:23:02.051+05:30 INFO [api-prod-2] http: POST /v1/invoices 201 159ms request_id=req_55abad7b
2026-09-25T16:23:21.043+05:30 INFO [api-prod-2] http: POST /v1/invoices 201 75ms request_id=req_11cc48bb
2026-09-25T16:23:32.420+05:30 INFO [api-prod-1] http: GET /v1/invoices?page=2 200 61ms request_id=req_1546b0d9
2026-09-25T16:23:56.640+05:30 INFO [api-prod-1] http: GET /v1/customers/1055 200 36ms request_id=req_33ea31b9
2026-09-25T16:24:10.088+05:30 INFO [api-prod-1] http: GET /v1/invoices?page=2 200 108ms request_id=req_3b1305da
2026-09-25T16:24:22.581+05:30 INFO [api-prod-1] http: GET /v1/invoices?page=1 200 30ms request_id=req_f9098e50
2026-09-25T16:24:43.605+05:30 INFO [api-prod-1] http: GET /v1/invoices?page=1 200 39ms request_id=req_39c375dc
2026-09-25T16:25:02.545+05:30 INFO [api-prod-1] http: GET /v1/invoices/234 200 28ms request_id=req_378763b7
2026-09-25T16:25:23.800+05:30 INFO [api-prod-1] http: GET /v1/invoices?page=2 200 104ms request_id=req_80bb7e8b
2026-09-25T16:26:04.406+05:30 INFO [api-prod-2] http: POST /v1/invoices 201 96ms request_id=req_faec07e1
2026-09-25T16:26:35.338+05:30 INFO [api-prod-2] http: GET /v1/customers/1044 200 35ms request_id=req_e66eae2e
2026-09-25T16:26:48.255+05:30 INFO [api-prod-1] http: GET /v1/invoices?page=2 200 46ms request_id=req_e58d4c97
2026-09-25T16:27:23.873+05:30 INFO [api-prod-2] http: GET /v1/dashboard/summary 200 62ms request_id=req_5f13eae6
2026-09-25T16:27:44.825+05:30 INFO [api-prod-1] http: GET /v1/invoices?status=sent 200 87ms request_id=req_4dc9cca2
2026-09-25T16:27:54.997+05:30 INFO [api-prod-2] http: POST /v1/invoices 201 85ms request_id=req_e6f220ce
2026-09-25T16:28:22.469+05:30 INFO [api-prod-2] http: GET /v1/invoices/629 200 68ms request_id=req_7c5ece24
2026-09-25T16:28:36.883+05:30 INFO [api-prod-2] http: GET /v1/customers/1030 200 122ms request_id=req_dcffb41e
2026-09-25T16:29:04.859+05:30 INFO [api-prod-2] http: GET /v1/customers/1067 200 53ms request_id=req_4b74b2d9
2026-09-25T16:29:33.728+05:30 INFO [api-prod-1] http: GET /v1/invoices?page=2 200 45ms request_id=req_ceab33cc
2026-09-25T16:29:50.595+05:30 INFO [api-prod-2] http: GET /v1/invoices?page=2 200 130ms request_id=req_d69e475d
2026-09-25T16:30:23.699+05:30 INFO [api-prod-1] http: GET /v1/invoices?page=1 200 27ms request_id=req_cae282ee
2026-09-25T16:30:48.066+05:30 INFO [api-prod-1] http: GET /v1/invoices?status=sent 200 110ms request_id=req_f2966cb1
2026-09-25T16:31:07.295+05:30 INFO [api-prod-2] http: GET /v1/invoices?page=1 200 131ms request_id=req_45d715ef
2026-09-25T16:31:30.396+05:30 INFO [api-prod-1] http: POST /v1/invoices 201 74ms request_id=req_feb26169
2026-09-25T16:31:47.079+05:30 INFO [api-prod-1] http: GET /v1/invoices?page=1 200 59ms request_id=req_204994c9
2026-09-25T16:32:24.247+05:30 INFO [api-prod-2] http: GET /v1/invoices/90 200 115ms request_id=req_8c9b39b4
2026-09-25T16:32:58.567+05:30 INFO [api-prod-1] http: GET /v1/invoices?page=1 200 34ms request_id=req_ef6097e4
2026-09-25T16:33:07.994+05:30 INFO [api-prod-2] http: GET /v1/invoices?status=sent 200 30ms request_id=req_337e87cf
2026-09-25T16:33:41.277+05:30 INFO [api-prod-1] http: GET /v1/invoices?page=2 200 74ms request_id=req_186e51dd
2026-09-25T16:34:01.102+05:30 INFO [api-prod-2] http: GET /v1/invoices?status=sent 200 61ms request_id=req_03daede9
2026-09-25T16:34:18.476+05:30 INFO [api-prod-2] http: GET /v1/customers/1064 200 140ms request_id=req_f1c00cff
2026-09-25T16:34:58.626+05:30 INFO [api-prod-1] http: GET /v1/invoices?page=1 200 36ms request_id=req_864dc97a
2026-09-25T16:35:27.841+05:30 INFO [api-prod-1] http: GET /v1/invoices/577 200 134ms request_id=req_d9e5cb5f
2026-09-25T16:35:55.484+05:30 INFO [api-prod-2] http: GET /v1/invoices/629 200 139ms request_id=req_94697ba5
2026-09-25T16:36:34.363+05:30 INFO [api-prod-2] http: GET /v1/customers/1027 200 88ms request_id=req_dbf36a08
2026-09-25T16:36:49.716+05:30 INFO [api-prod-2] http: GET /v1/invoices?status=sent 200 47ms request_id=req_8ac72a25
2026-09-25T16:37:06.278+05:30 INFO [api-prod-2] http: GET /v1/invoices?status=sent 200 67ms request_id=req_964ced65
2026-09-25T16:37:18.427+05:30 INFO [api-prod-2] http: GET /v1/invoices?page=2 200 73ms request_id=req_6cd6cff4
2026-09-25T16:37:49.044+05:30 INFO [api-prod-1] http: GET /v1/dashboard/summary 200 50ms request_id=req_957aa53a
2026-09-25T16:37:59.211+05:30 INFO [api-prod-2] http: GET /v1/invoices?status=sent 200 84ms request_id=req_d685f813
2026-09-25T16:38:34.846+05:30 INFO [api-prod-1] http: POST /v1/invoices 201 153ms request_id=req_d5293145
2026-09-25T16:38:54.835+05:30 INFO [api-prod-1] http: GET /v1/invoices/305 200 130ms request_id=req_c579721f
2026-09-25T16:39:06.302+05:30 INFO [api-prod-1] http: POST /v1/invoices 201 72ms request_id=req_058f9209
2026-09-25T16:39:39.848+05:30 INFO [api-prod-2] http: GET /v1/invoices/40 200 104ms request_id=req_b98a14c6
2026-09-25T16:40:08.881+05:30 INFO [api-prod-2] http: GET /v1/invoices?page=2 200 128ms request_id=req_5271b6eb
2026-09-25T16:40:26.547+05:30 INFO [api-prod-1] http: GET /v1/invoices?status=sent 200 51ms request_id=req_7da1f29e
2026-09-25T16:40:46.389+05:30 INFO [api-prod-1] http: GET /v1/dashboard/summary 200 70ms request_id=req_b9a85946
2026-09-25T16:41:07.883+05:30 ERROR [api-prod-1] http: POST /v1/invoices 500 28ms request_id=req_eb61f6a2 customer_id=1042 net_days=45
Traceback (most recent call last):
  File "/srv/ledgerly-web/app/routes.py", line 88, in post_invoices
    body = handlers.create_invoice(payload)
  File "/srv/ledgerly-api/ledgerly_api/handlers.py", line 26, in create_invoice
    due = due_date(issued, int(payload.get("net_days", DEFAULT_NET_DAYS)))
  File "/srv/ledgerly-api/ledgerly_api/invoices.py", line 42, in due_date
    return issued_on.replace(month=issued_on.month + 1, day=day - days_in_month)
ValueError: day is out of range for month
2026-09-25T16:41:17.526+05:30 INFO [api-prod-2] http: GET /v1/invoices?page=2 200 87ms request_id=req_d3b122e0
2026-09-25T16:41:49.896+05:30 INFO [api-prod-1] http: GET /v1/customers/1022 200 97ms request_id=req_a1e39b77
2026-09-25T16:42:08.459+05:30 INFO [api-prod-1] http: GET /v1/invoices?status=sent 200 70ms request_id=req_cd4ad5aa
2026-09-25T16:42:44.901+05:30 INFO [api-prod-2] http: GET /v1/invoices?page=1 200 113ms request_id=req_ee3fb8cd
2026-09-25T16:43:08.667+05:30 INFO [api-prod-2] http: GET /v1/dashboard/summary 200 26ms request_id=req_b39b98c0
2026-09-25T16:43:31.204+05:30 ERROR [api-prod-1] http: POST /v1/invoices 500 39ms request_id=req_6d843864 customer_id=1042 net_days=45
Traceback (most recent call last):
  File "/srv/ledgerly-web/app/routes.py", line 88, in post_invoices
    body = handlers.create_invoice(payload)
  File "/srv/ledgerly-api/ledgerly_api/handlers.py", line 26, in create_invoice
    due = due_date(issued, int(payload.get("net_days", DEFAULT_NET_DAYS)))
  File "/srv/ledgerly-api/ledgerly_api/invoices.py", line 42, in due_date
    return issued_on.replace(month=issued_on.month + 1, day=day - days_in_month)
ValueError: day is out of range for month
2026-09-25T16:43:38.685+05:30 INFO [api-prod-2] http: GET /v1/dashboard/summary 200 71ms request_id=req_f9da373f
2026-09-25T16:43:54.395+05:30 INFO [api-prod-1] http: GET /v1/invoices?page=2 200 123ms request_id=req_10487c6b
2026-09-25T16:44:07.111+05:30 INFO [api-prod-1] http: GET /v1/invoices?status=sent 200 115ms request_id=req_ec565cff
2026-09-25T16:44:35.481+05:30 INFO [api-prod-2] http: GET /v1/dashboard/summary 200 26ms request_id=req_cb159a1f
2026-09-25T16:45:03.186+05:30 INFO [api-prod-1] http: GET /v1/invoices?status=sent 200 140ms request_id=req_394991f8
2026-09-25T16:45:35.698+05:30 INFO [api-prod-2] http: POST /v1/invoices 201 126ms request_id=req_b5b468bc
2026-09-25T16:46:02.072+05:30 INFO [api-prod-1] http: GET /v1/invoices/505 200 99ms request_id=req_25bbc777
2026-09-25T16:46:18.221+05:30 INFO [api-prod-2] http: GET /v1/dashboard/summary 200 40ms request_id=req_dcd13bd5
2026-09-25T16:46:32.218+05:30 INFO [api-prod-1] http: GET /v1/dashboard/summary 200 16ms request_id=req_9ca6f115
2026-09-25T16:47:05.021+05:30 INFO [api-prod-2] http: GET /v1/invoices?status=sent 200 53ms request_id=req_9ca6221d
2026-09-25T16:47:15.174+05:30 INFO [api-prod-1] http: POST /v1/invoices 201 172ms request_id=req_58aaa987
2026-09-25T16:47:31.806+05:30 INFO [api-prod-1] http: GET /v1/invoices?page=2 200 131ms request_id=req_198f2544
2026-09-25T16:47:49.562+05:30 INFO [api-prod-1] http: POST /v1/invoices 201 131ms request_id=req_9dcac0a5
2026-09-25T16:48:30.477+05:30 INFO [api-prod-2] http: GET /v1/customers/1043 200 91ms request_id=req_72e1e887
2026-09-25T16:49:09.752+05:30 INFO [api-prod-1] http: GET /v1/invoices/175 200 69ms request_id=req_5ad3d502
2026-09-25T16:49:18.594+05:30 INFO [api-prod-1] http: GET /v1/dashboard/summary 200 58ms request_id=req_a75af411
2026-09-25T16:49:32.630+05:30 INFO [api-prod-1] http: GET /v1/invoices?status=sent 200 60ms request_id=req_d4c813e8
2026-09-25T16:50:04.957+05:30 INFO [api-prod-1] http: POST /v1/invoices 201 124ms request_id=req_92233fd5
2026-09-25T16:50:34.301+05:30 INFO [api-prod-1] http: GET /v1/dashboard/summary 200 66ms request_id=req_1640e3a7
2026-09-25T16:50:59.086+05:30 INFO [api-prod-2] http: GET /v1/customers/1062 200 53ms request_id=req_96b1a570
2026-09-25T16:51:34.754+05:30 INFO [api-prod-2] http: GET /v1/invoices?page=2 200 90ms request_id=req_104e444b
2026-09-25T16:51:51.544+05:30 INFO [api-prod-2] http: GET /v1/invoices?page=1 200 60ms request_id=req_ac27100e
2026-09-25T16:52:18.559+05:30 ERROR [api-prod-1] http: POST /v1/invoices 500 37ms request_id=req_9463150d customer_id=1063 net_days=45
Traceback (most recent call last):
  File "/srv/ledgerly-web/app/routes.py", line 88, in post_invoices
    body = handlers.create_invoice(payload)
  File "/srv/ledgerly-api/ledgerly_api/handlers.py", line 26, in create_invoice
    due = due_date(issued, int(payload.get("net_days", DEFAULT_NET_DAYS)))
  File "/srv/ledgerly-api/ledgerly_api/invoices.py", line 42, in due_date
    return issued_on.replace(month=issued_on.month + 1, day=day - days_in_month)
ValueError: day is out of range for month
2026-09-25T16:52:27.588+05:30 INFO [api-prod-2] http: GET /v1/invoices?page=1 200 121ms request_id=req_76e2ae66
2026-09-25T16:52:41.230+05:30 INFO [api-prod-1] http: GET /v1/customers/1028 200 84ms request_id=req_d8378517
2026-09-25T16:53:14.550+05:30 INFO [api-prod-2] http: GET /v1/invoices?page=1 200 20ms request_id=req_8b92150d
2026-09-25T16:53:26.873+05:30 INFO [api-prod-1] http: GET /v1/invoices?page=1 200 137ms request_id=req_473275af
2026-09-25T16:53:53.785+05:30 INFO [api-prod-1] http: GET /v1/invoices?status=sent 200 81ms request_id=req_2dc1dc3b
2026-09-25T16:54:24.447+05:30 INFO [api-prod-2] http: GET /v1/dashboard/summary 200 83ms request_id=req_328a2a06
2026-09-25T16:55:04.818+05:30 INFO [api-prod-2] http: POST /v1/invoices 201 102ms request_id=req_69e8f92a
2026-09-25T16:55:29.544+05:30 INFO [api-prod-1] http: GET /v1/customers/1023 200 30ms request_id=req_55a1c174
2026-09-25T16:56:07.493+05:30 INFO [api-prod-2] http: GET /v1/invoices/487 200 48ms request_id=req_d3d8d80a
2026-09-25T16:56:43.287+05:30 INFO [api-prod-2] http: GET /v1/dashboard/summary 200 97ms request_id=req_66d17141
2026-09-25T16:56:57.120+05:30 INFO [api-prod-2] http: GET /v1/invoices?page=1 200 63ms request_id=req_5b8b7bc1
2026-09-25T16:57:35.687+05:30 INFO [api-prod-2] http: GET /v1/customers/1072 200 12ms request_id=req_e0258701
2026-09-25T16:57:57.557+05:30 INFO [api-prod-2] http: GET /v1/invoices/603 200 119ms request_id=req_fe62e8d0
2026-09-25T16:58:18.623+05:30 INFO [api-prod-1] http: GET /v1/dashboard/summary 200 128ms request_id=req_8fc5449f
2026-09-25T16:58:30.248+05:30 INFO [api-prod-1] http: GET /v1/customers/1006 200 88ms request_id=req_ff2a94cd
2026-09-25T16:59:05.825+05:30 INFO [api-prod-2] http: POST /v1/invoices 201 137ms request_id=req_284e6276
2026-09-25T16:59:23.194+05:30 INFO [api-prod-2] http: POST /v1/invoices 201 113ms request_id=req_649b72fe
2026-09-25T16:59:43.346+05:30 INFO [api-prod-2] http: POST /v1/invoices 201 84ms request_id=req_ed0da618
2026-09-25T16:59:54.577+05:30 INFO [api-prod-2] http: GET /v1/invoices/255 200 68ms request_id=req_f5b11484
2026-09-25T17:00:00.310+05:30 INFO [worker-prod-1] jobs.reminders: queued 33 reminder emails
2026-09-25T17:00:22.793+05:30 INFO [api-prod-2] http: GET /v1/invoices/9 200 20ms request_id=req_78c6a8c0
2026-09-25T17:01:01.607+05:30 INFO [api-prod-2] http: GET /v1/dashboard/summary 200 70ms request_id=req_c484d373
2026-09-25T17:01:35.115+05:30 INFO [api-prod-1] http: GET /v1/customers/1005 200 60ms request_id=req_490a69f9
2026-09-25T17:01:59.182+05:30 INFO [api-prod-2] http: GET /v1/invoices?page=2 200 86ms request_id=req_2865429d
2026-09-25T17:02:13.617+05:30 INFO [api-prod-2] http: GET /v1/invoices?page=2 200 60ms request_id=req_6d2b1f87
2026-09-25T17:02:51.231+05:30 INFO [api-prod-1] http: GET /v1/invoices?page=2 200 138ms request_id=req_f0a79464
2026-09-25T17:03:11.692+05:30 INFO [api-prod-1] http: POST /v1/invoices 201 171ms request_id=req_0943035d
2026-09-25T17:03:26.685+05:30 INFO [api-prod-1] http: GET /v1/invoices?page=1 200 93ms request_id=req_67bfc2ea
2026-09-25T17:04:01.242+05:30 INFO [api-prod-2] http: GET /v1/invoices?page=2 200 31ms request_id=req_c88a295c
2026-09-25T17:04:19.835+05:30 INFO [api-prod-1] http: GET /v1/customers/1027 200 133ms request_id=req_a8a8a608
2026-09-25T17:04:58.037+05:30 INFO [api-prod-1] http: GET /v1/invoices/609 200 84ms request_id=req_ff3ba750
2026-09-25T17:05:26.000+05:30 INFO [api-prod-2] http: GET /v1/invoices?page=2 200 122ms request_id=req_c7e5c55a
2026-09-25T17:05:34.549+05:30 INFO [api-prod-1] http: GET /v1/invoices/503 200 59ms request_id=req_f655e95b
2026-09-25T17:05:45.893+05:30 INFO [api-prod-1] http: GET /v1/customers/1081 200 24ms request_id=req_228a8e52
2026-09-25T17:06:02.908+05:30 INFO [api-prod-1] http: GET /v1/invoices?page=2 200 48ms request_id=req_20cba91b
2026-09-25T17:06:40.024+05:30 INFO [api-prod-1] http: GET /v1/dashboard/summary 200 27ms request_id=req_2735c921
2026-09-25T17:07:13.166+05:30 INFO [api-prod-2] http: GET /v1/invoices?page=2 200 83ms request_id=req_cfea29b4
2026-09-25T17:07:28.365+05:30 INFO [api-prod-2] http: GET /v1/invoices?page=1 200 121ms request_id=req_e2909758
2026-09-25T17:07:45.804+05:30 INFO [api-prod-1] http: GET /v1/dashboard/summary 200 66ms request_id=req_1a205c3d
2026-09-25T17:08:10.389+05:30 INFO [api-prod-1] http: GET /v1/invoices?page=1 200 63ms request_id=req_a94d7328
2026-09-25T17:08:46.111+05:30 INFO [api-prod-2] http: POST /v1/invoices 201 121ms request_id=req_ceff16a7
2026-09-25T17:09:02.536+05:30 INFO [api-prod-1] http: POST /v1/invoices 201 76ms request_id=req_d7720a71
2026-09-25T17:09:35.742+05:30 INFO [api-prod-1] http: GET /v1/invoices?page=2 200 84ms request_id=req_289230bd
2026-09-25T17:09:50.186+05:30 INFO [api-prod-1] http: GET /v1/invoices?status=sent 200 101ms request_id=req_2788138e
2026-09-25T17:10:22.662+05:30 INFO [api-prod-1] http: GET /v1/invoices/89 200 99ms request_id=req_46213d52
2026-09-25T17:10:47.756+05:30 INFO [api-prod-2] http: GET /v1/invoices?page=1 200 96ms request_id=req_b78a6192
2026-09-25T17:11:02.755+05:30 INFO [api-prod-2] http: GET /v1/invoices/343 200 32ms request_id=req_1398bb42
2026-09-25T17:11:15.849+05:30 INFO [api-prod-1] http: GET /v1/invoices?status=sent 200 53ms request_id=req_ca190b65
2026-09-25T17:11:25.142+05:30 INFO [api-prod-1] http: GET /v1/dashboard/summary 200 28ms request_id=req_190269f0
2026-09-25T17:11:40.679+05:30 INFO [api-prod-1] http: GET /v1/invoices?page=2 200 114ms request_id=req_50943c2e
2026-09-25T17:12:11.751+05:30 INFO [api-prod-1] http: POST /v1/invoices 201 112ms request_id=req_bb1e60e1
2026-09-25T17:12:42.764+05:30 INFO [api-prod-2] http: GET /v1/invoices?status=sent 200 90ms request_id=req_596b7ff2
2026-09-25T17:13:04.511+05:30 INFO [api-prod-2] http: GET /v1/customers/1068 200 61ms request_id=req_a759a722
2026-09-25T17:13:44.044+05:30 INFO [api-prod-1] http: GET /v1/invoices?page=1 200 97ms request_id=req_fc61db65
2026-09-25T17:14:05.975+05:30 INFO [api-prod-2] http: GET /v1/dashboard/summary 200 101ms request_id=req_1011dd2e
2026-09-25T17:14:40.301+05:30 INFO [api-prod-2] http: GET /v1/invoices?page=1 200 99ms request_id=req_e3a48ae8
2026-09-25T17:15:13.959+05:30 INFO [api-prod-2] http: GET /v1/invoices/583 200 78ms request_id=req_9ae9fbf1
2026-09-25T17:15:46.578+05:30 INFO [api-prod-1] http: GET /v1/invoices/533 200 55ms request_id=req_ffdd2b14
2026-09-25T17:16:02.450+05:30 INFO [api-prod-1] http: GET /v1/invoices?page=2 200 27ms request_id=req_7c987184
2026-09-25T17:16:13.140+05:30 INFO [api-prod-2] http: GET /v1/invoices/353 200 43ms request_id=req_9a52073d
2026-09-25T17:16:52.494+05:30 INFO [api-prod-2] http: GET /v1/invoices?page=2 200 66ms request_id=req_b807fa64
2026-09-25T17:17:02.995+05:30 INFO [api-prod-2] http: GET /v1/invoices?page=2 200 30ms request_id=req_0547f5cb
2026-09-25T17:17:29.763+05:30 INFO [api-prod-1] http: GET /v1/invoices/513 200 14ms request_id=req_6b06c798
2026-09-25T17:17:52.911+05:30 INFO [api-prod-1] http: GET /v1/invoices?page=1 200 71ms request_id=req_69353eca
2026-09-25T17:18:21.624+05:30 INFO [api-prod-2] http: GET /v1/customers/1002 200 55ms request_id=req_e482f51a
2026-09-25T17:18:30.112+05:30 INFO [api-prod-1] http: GET /v1/dashboard/summary 200 111ms request_id=req_241da561
2026-09-25T17:18:54.531+05:30 INFO [api-prod-1] http: GET /v1/invoices?page=1 200 30ms request_id=req_8812d399
2026-09-25T17:19:32.745+05:30 INFO [api-prod-1] http: GET /v1/invoices?status=sent 200 56ms request_id=req_d2ce1159
2026-09-25T17:19:46.632+05:30 INFO [api-prod-2] http: GET /v1/invoices/595 200 121ms request_id=req_7cc5803b
2026-09-25T17:20:02.151+05:30 INFO [api-prod-2] http: GET /v1/invoices?status=sent 200 136ms request_id=req_dcf6856a
2026-09-25T17:20:17.399+05:30 INFO [api-prod-1] http: GET /v1/invoices?page=2 200 101ms request_id=req_b0a3fb61
2026-09-25T17:20:55.487+05:30 INFO [api-prod-2] http: GET /v1/dashboard/summary 200 70ms request_id=req_afaee4e0
2026-09-25T17:21:20.707+05:30 INFO [api-prod-2] http: POST /v1/invoices 201 57ms request_id=req_c725d62e
2026-09-25T17:21:49.144+05:30 INFO [api-prod-1] http: GET /v1/invoices?page=1 200 135ms request_id=req_a2dde3d2
2026-09-25T17:21:58.925+05:30 INFO [api-prod-1] http: GET /v1/dashboard/summary 200 25ms request_id=req_97b21b12
2026-09-25T17:22:25.895+05:30 INFO [api-prod-2] http: GET /v1/invoices?page=1 200 94ms request_id=req_75468833
2026-09-25T17:22:56.379+05:30 INFO [api-prod-1] http: POST /v1/invoices 201 56ms request_id=req_b6847f2e
2026-09-25T17:23:32.782+05:30 INFO [api-prod-1] http: POST /v1/invoices 201 180ms request_id=req_2fdcd703
2026-09-25T17:24:12.558+05:30 INFO [api-prod-2] http: GET /v1/invoices?status=sent 200 139ms request_id=req_1513aa31
2026-09-25T17:24:53.180+05:30 INFO [api-prod-1] http: GET /v1/invoices?status=sent 200 64ms request_id=req_f430e4ea
2026-09-25T17:25:12.917+05:30 INFO [api-prod-2] http: POST /v1/invoices 201 169ms request_id=req_8ce5667a
2026-09-25T17:25:44.968+05:30 INFO [api-prod-1] http: POST /v1/invoices 201 57ms request_id=req_c782a9e6
2026-09-25T17:25:55.865+05:30 INFO [api-prod-2] http: GET /v1/invoices?status=sent 200 64ms request_id=req_510a7d8a
2026-09-25T17:26:14.363+05:30 INFO [api-prod-2] http: GET /v1/dashboard/summary 200 109ms request_id=req_5994e119
2026-09-25T17:26:25.842+05:30 INFO [api-prod-1] http: GET /v1/invoices?status=sent 200 55ms request_id=req_15f2db23
2026-09-25T17:26:38.300+05:30 INFO [api-prod-1] http: GET /v1/invoices?page=1 200 44ms request_id=req_74880afe
2026-09-25T17:26:51.452+05:30 INFO [api-prod-1] http: GET /v1/invoices?status=sent 200 110ms request_id=req_7d82809d
2026-09-25T17:27:24.943+05:30 INFO [api-prod-2] http: GET /v1/dashboard/summary 200 47ms request_id=req_54b6b648
2026-09-25T17:27:43.145+05:30 INFO [api-prod-2] http: GET /v1/dashboard/summary 200 23ms request_id=req_2c6861ec
2026-09-25T17:28:16.614+05:30 INFO [api-prod-2] http: GET /v1/invoices/509 200 31ms request_id=req_78cc82be
2026-09-25T17:28:53.695+05:30 INFO [api-prod-2] http: GET /v1/invoices?page=1 200 62ms request_id=req_e2f0e2ca
2026-09-25T17:29:14.982+05:30 INFO [api-prod-1] http: GET /v1/customers/1010 200 30ms request_id=req_ec485dac
2026-09-25T17:29:34.091+05:30 INFO [api-prod-2] http: GET /v1/invoices/220 200 116ms request_id=req_cce8a96d
2026-09-25T17:30:06.187+05:30 INFO [api-prod-1] http: GET /v1/invoices?status=sent 200 50ms request_id=req_5be93a81
2026-09-25T17:30:16.306+05:30 INFO [api-prod-2] http: POST /v1/invoices 201 108ms request_id=req_c20c9e0f
2026-09-25T17:30:36.351+05:30 INFO [api-prod-1] http: GET /v1/invoices?page=2 200 85ms request_id=req_4d976f0c
2026-09-25T17:30:58.239+05:30 INFO [api-prod-2] http: GET /v1/invoices/426 200 65ms request_id=req_dc696d24
2026-09-25T17:31:26.933+05:30 INFO [api-prod-2] http: GET /v1/invoices/140 200 85ms request_id=req_4d90b2b7
2026-09-25T17:31:39.632+05:30 INFO [api-prod-2] http: GET /v1/invoices?page=1 200 94ms request_id=req_b0a1555f
2026-09-25T17:32:03.452+05:30 INFO [api-prod-1] http: GET /v1/invoices/523 200 41ms request_id=req_3794fc2d
2026-09-25T17:32:43.197+05:30 INFO [api-prod-1] http: GET /v1/invoices?status=sent 200 79ms request_id=req_fd18e8b9
2026-09-25T17:32:52.949+05:30 INFO [api-prod-2] http: GET /v1/invoices?page=2 200 51ms request_id=req_50aaa3ac
2026-09-25T17:33:13.355+05:30 INFO [api-prod-1] http: GET /v1/invoices?page=1 200 72ms request_id=req_5a1d2574
2026-09-25T17:33:39.343+05:30 INFO [api-prod-2] http: GET /v1/invoices?page=2 200 64ms request_id=req_f04b76a9
2026-09-25T17:34:15.522+05:30 INFO [api-prod-1] http: GET /v1/invoices?page=1 200 130ms request_id=req_17d83415
2026-09-25T17:34:42.840+05:30 INFO [api-prod-2] http: GET /v1/invoices?page=2 200 48ms request_id=req_2ab9959d
2026-09-25T17:35:21.898+05:30 INFO [api-prod-2] http: GET /v1/customers/1038 200 137ms request_id=req_599182eb
2026-09-25T17:35:41.997+05:30 INFO [api-prod-2] http: GET /v1/invoices?page=2 200 74ms request_id=req_91dc3a58
2026-09-25T17:36:01.080+05:30 INFO [api-prod-2] http: POST /v1/invoices 201 56ms request_id=req_759ccc78
2026-09-25T17:36:38.090+05:30 INFO [api-prod-2] http: POST /v1/invoices 201 91ms request_id=req_831a220a
2026-09-25T17:37:04.965+05:30 INFO [api-prod-1] http: GET /v1/invoices?page=1 200 76ms request_id=req_738140bd
2026-09-25T17:37:44.084+05:30 INFO [api-prod-1] http: GET /v1/invoices?page=1 200 75ms request_id=req_82b4379c
2026-09-25T17:37:57.236+05:30 INFO [api-prod-1] http: GET /v1/invoices?page=2 200 48ms request_id=req_d61ac97a
2026-09-25T17:38:23.394+05:30 INFO [api-prod-1] http: POST /v1/invoices 201 82ms request_id=req_7ee1c9d3
2026-09-25T17:38:51.682+05:30 INFO [api-prod-1] http: GET /v1/invoices?page=1 200 21ms request_id=req_80a10178
2026-09-25T17:39:16.062+05:30 INFO [api-prod-2] http: POST /v1/invoices 201 114ms request_id=req_d92f1aeb
2026-09-25T17:39:56.762+05:30 INFO [api-prod-1] http: GET /v1/customers/1019 200 36ms request_id=req_0404b285
2026-09-25T17:40:13.471+05:30 INFO [api-prod-1] http: GET /v1/invoices/47 200 90ms request_id=req_dda3a468
2026-09-25T17:40:37.815+05:30 INFO [api-prod-2] http: GET /v1/invoices?page=1 200 45ms request_id=req_11248a41
2026-09-25T17:41:06.457+05:30 INFO [api-prod-1] http: GET /v1/dashboard/summary 200 70ms request_id=req_b20ae5b4
2026-09-25T17:41:23.306+05:30 INFO [api-prod-2] http: GET /v1/dashboard/summary 200 81ms request_id=req_5e473577
2026-09-25T17:41:39.275+05:30 INFO [api-prod-1] http: GET /v1/invoices?page=1 200 51ms request_id=req_df98a7cd
2026-09-25T17:42:16.545+05:30 INFO [api-prod-2] http: GET /v1/invoices/129 200 75ms request_id=req_c3c00641
2026-09-25T17:42:55.712+05:30 INFO [api-prod-1] http: GET /v1/dashboard/summary 200 122ms request_id=req_fbcf4c83
2026-09-25T17:43:14.922+05:30 INFO [api-prod-1] http: GET /v1/invoices/71 200 139ms request_id=req_3e99e2ed
2026-09-25T17:43:45.255+05:30 INFO [api-prod-2] http: GET /v1/invoices?page=1 200 108ms request_id=req_b0e2be79
2026-09-25T17:43:59.428+05:30 INFO [api-prod-2] http: GET /v1/invoices?page=1 200 123ms request_id=req_2fcc9ca1
2026-09-25T17:44:23.822+05:30 INFO [api-prod-2] http: GET /v1/invoices?page=1 200 82ms request_id=req_f5cf9ef9
2026-09-25T17:44:53.301+05:30 INFO [api-prod-1] http: GET /v1/dashboard/summary 200 104ms request_id=req_f7add0c8
2026-09-25T17:45:06.650+05:30 INFO [api-prod-2] http: POST /v1/invoices 201 139ms request_id=req_1f358a34
2026-09-25T17:45:24.690+05:30 INFO [api-prod-1] http: GET /v1/invoices?status=sent 200 118ms request_id=req_6052fcc7
2026-09-25T17:45:47.063+05:30 INFO [api-prod-2] http: GET /v1/invoices/366 200 128ms request_id=req_6fb0d12e
2026-09-25T17:46:20.328+05:30 INFO [api-prod-2] http: GET /v1/invoices/210 200 47ms request_id=req_fb5be142
2026-09-25T17:46:45.346+05:30 INFO [api-prod-1] http: GET /v1/dashboard/summary 200 78ms request_id=req_95df83cb
2026-09-25T17:47:16.429+05:30 INFO [api-prod-2] http: GET /v1/invoices/38 200 46ms request_id=req_976d83fc
2026-09-25T17:47:34.158+05:30 INFO [api-prod-1] http: GET /v1/customers/1043 200 18ms request_id=req_dffa83ac
2026-09-25T17:47:52.784+05:30 INFO [api-prod-2] http: GET /v1/invoices/283 200 62ms request_id=req_179f41e1
2026-09-25T17:48:21.913+05:30 INFO [api-prod-1] http: POST /v1/invoices 201 86ms request_id=req_c4abcd7b
2026-09-25T17:48:59.943+05:30 INFO [api-prod-1] http: GET /v1/invoices/153 200 72ms request_id=req_0c453a4a
2026-09-25T17:49:14.383+05:30 INFO [api-prod-1] http: GET /v1/invoices?page=2 200 59ms request_id=req_aa333ec8
2026-09-25T17:49:44.795+05:30 INFO [api-prod-1] http: GET /v1/invoices/354 200 25ms request_id=req_32e1ef8f
2026-09-25T17:49:55.454+05:30 INFO [api-prod-2] http: GET /v1/dashboard/summary 200 29ms request_id=req_6673c63e
2026-09-25T17:50:20.197+05:30 INFO [api-prod-1] http: GET /v1/invoices?page=1 200 117ms request_id=req_19eebfba
2026-09-25T17:50:57.997+05:30 INFO [api-prod-2] http: POST /v1/invoices 201 92ms request_id=req_419f08b0
2026-09-25T17:51:20.715+05:30 INFO [api-prod-2] http: GET /v1/invoices?status=sent 200 106ms request_id=req_1ff9e93a
2026-09-25T17:51:46.557+05:30 INFO [api-prod-1] http: GET /v1/invoices?page=1 200 116ms request_id=req_4f480871
2026-09-25T17:52:08.047+05:30 INFO [api-prod-2] http: GET /v1/invoices?status=sent 200 93ms request_id=req_f3df775f
2026-09-25T17:52:45.920+05:30 INFO [api-prod-1] http: GET /v1/dashboard/summary 200 49ms request_id=req_3b0df0a7
2026-09-25T17:52:54.023+05:30 INFO [api-prod-2] http: GET /v1/invoices/181 200 55ms request_id=req_52b4e407
2026-09-25T17:53:20.900+05:30 INFO [api-prod-2] http: GET /v1/customers/1079 200 57ms request_id=req_bffb8837
2026-09-25T17:53:34.513+05:30 INFO [api-prod-1] http: GET /v1/invoices?status=sent 200 13ms request_id=req_59d0ede5
2026-09-25T17:53:57.620+05:30 INFO [api-prod-2] http: GET /v1/invoices/322 200 82ms request_id=req_b8d867ac
2026-09-25T17:54:09.538+05:30 INFO [api-prod-1] http: GET /v1/customers/1067 200 84ms request_id=req_9de4ee96
2026-09-25T17:54:28.763+05:30 INFO [api-prod-1] http: GET /v1/invoices?page=1 200 107ms request_id=req_2a7fb6e1
2026-09-25T17:54:50.688+05:30 INFO [api-prod-1] http: GET /v1/invoices/131 200 52ms request_id=req_014480d5
2026-09-25T17:55:00.616+05:30 INFO [api-prod-2] http: GET /v1/invoices?page=1 200 63ms request_id=req_d2c936f0
2026-09-25T17:55:26.231+05:30 INFO [api-prod-2] http: GET /v1/invoices?status=sent 200 32ms request_id=req_cf662767
2026-09-25T17:56:01.734+05:30 INFO [api-prod-2] http: GET /v1/invoices/469 200 30ms request_id=req_518b2c8e
2026-09-25T17:56:24.739+05:30 INFO [api-prod-1] http: GET /v1/dashboard/summary 200 77ms request_id=req_74179565
2026-09-25T17:56:34.824+05:30 INFO [api-prod-2] http: GET /v1/customers/1063 200 87ms request_id=req_052410cc
2026-09-25T17:56:44.689+05:30 INFO [api-prod-1] http: GET /v1/invoices?page=2 200 85ms request_id=req_e0fb9b30
2026-09-25T17:57:11.045+05:30 INFO [api-prod-1] http: GET /v1/invoices/68 200 40ms request_id=req_85003e5c
2026-09-25T17:57:20.815+05:30 INFO [api-prod-1] http: GET /v1/invoices?page=2 200 105ms request_id=req_5131e602
2026-09-25T17:57:40.656+05:30 INFO [api-prod-2] http: GET /v1/invoices?page=1 200 140ms request_id=req_204146fd
2026-09-25T17:58:09.649+05:30 INFO [api-prod-1] http: GET /v1/invoices?status=sent 200 49ms request_id=req_b3a5d375
2026-09-25T17:58:50.523+05:30 INFO [api-prod-1] http: GET /v1/customers/1024 200 135ms request_id=req_98008782
2026-09-25T17:59:20.682+05:30 INFO [api-prod-2] http: POST /v1/invoices 201 122ms request_id=req_db8014c9
2026-09-25T17:59:46.609+05:30 INFO [api-prod-1] http: GET /v1/invoices/27 200 109ms request_id=req_d0f13400
2026-09-25T18:00:02.212+05:30 INFO [api-prod-1] http: POST /v1/invoices 201 115ms request_id=req_7d07a241
2026-09-25T18:00:27.828+05:30 INFO [api-prod-2] http: GET /v1/invoices?page=2 200 72ms request_id=req_760306e5
2026-09-25T18:00:56.013+05:30 INFO [api-prod-1] http: GET /v1/customers/1074 200 99ms request_id=req_fce87850
2026-09-25T18:01:22.555+05:30 INFO [api-prod-1] http: POST /v1/invoices 201 129ms request_id=req_91847574
2026-09-25T18:01:39.666+05:30 INFO [api-prod-1] http: GET /v1/invoices/305 200 129ms request_id=req_665acd18
2026-09-25T18:02:03.286+05:30 INFO [api-prod-1] http: GET /v1/dashboard/summary 200 62ms request_id=req_4c630ee6
2026-09-25T18:02:26.627+05:30 INFO [api-prod-2] http: POST /v1/invoices 201 172ms request_id=req_64f28346
2026-09-25T18:02:44.476+05:30 INFO [api-prod-1] http: GET /v1/invoices?page=1 200 93ms request_id=req_1aa17446
2026-09-25T18:03:02.961+05:30 INFO [api-prod-2] http: GET /v1/invoices?status=sent 200 48ms request_id=req_88431b49
2026-09-25T18:03:19.503+05:30 INFO [api-prod-2] http: GET /v1/invoices?page=2 200 103ms request_id=req_a0819d87
2026-09-25T18:03:36.391+05:30 INFO [api-prod-1] http: GET /v1/dashboard/summary 200 38ms request_id=req_e8194d16
2026-09-25T18:04:15.492+05:30 INFO [api-prod-2] http: POST /v1/invoices 201 70ms request_id=req_ee7cb454
2026-09-25T18:04:53.595+05:30 INFO [api-prod-1] http: POST /v1/invoices 201 117ms request_id=req_8341da83
2026-09-25T18:05:34.255+05:30 INFO [api-prod-2] http: GET /v1/invoices/285 200 76ms request_id=req_91ba6bcc
2026-09-25T18:05:50.065+05:30 INFO [api-prod-1] http: GET /v1/invoices/105 200 87ms request_id=req_e580302c
2026-09-25T18:06:02.046+05:30 INFO [api-prod-1] http: GET /v1/invoices?status=sent 200 35ms request_id=req_863a26f9
2026-09-25T18:06:36.126+05:30 INFO [api-prod-2] http: GET /v1/invoices?page=2 200 68ms request_id=req_7da69f44
2026-09-25T18:06:47.670+05:30 INFO [api-prod-1] http: POST /v1/invoices 201 168ms request_id=req_4f229d7a
2026-09-25T18:07:13.477+05:30 INFO [api-prod-2] http: POST /v1/invoices 201 119ms request_id=req_f9e3b4d9
2026-09-25T18:07:41.311+05:30 INFO [api-prod-2] http: GET /v1/invoices/85 200 111ms request_id=req_84f77397
2026-09-25T18:08:17.154+05:30 INFO [api-prod-2] http: GET /v1/customers/1003 200 25ms request_id=req_933a5b03
2026-09-25T18:08:54.367+05:30 INFO [api-prod-2] http: GET /v1/invoices/75 200 91ms request_id=req_5cf0dcc5
2026-09-25T18:09:08.389+05:30 INFO [api-prod-1] http: GET /v1/invoices?status=sent 200 132ms request_id=req_32feef30
2026-09-25T18:09:19.674+05:30 INFO [api-prod-2] http: GET /v1/invoices?status=sent 200 54ms request_id=req_52cad929
2026-09-25T18:09:31.302+05:30 INFO [api-prod-2] http: POST /v1/invoices 201 79ms request_id=req_fad874d9
2026-09-25T18:10:00.768+05:30 INFO [api-prod-2] http: GET /v1/invoices?page=2 200 70ms request_id=req_fa3baef2
2026-09-25T18:10:30.075+05:30 INFO [api-prod-1] http: GET /v1/invoices?page=1 200 93ms request_id=req_2b17f89a
2026-09-25T18:11:01.530+05:30 INFO [api-prod-2] http: GET /v1/invoices?page=2 200 88ms request_id=req_89a0ac8e
2026-09-25T18:11:21.328+05:30 INFO [api-prod-1] http: GET /v1/invoices?page=2 200 24ms request_id=req_d28458bd
2026-09-25T18:11:59.476+05:30 INFO [api-prod-2] http: POST /v1/invoices 201 58ms request_id=req_9cdeb660
2026-09-25T18:12:11.461+05:30 INFO [api-prod-1] http: GET /v1/invoices?page=1 200 43ms request_id=req_d7ee5bb8
2026-09-25T18:12:50.667+05:30 INFO [api-prod-1] http: GET /v1/invoices?status=sent 200 15ms request_id=req_951f0c2b
2026-09-25T18:13:30.859+05:30 INFO [api-prod-2] http: GET /v1/invoices/381 200 27ms request_id=req_b6fd2bb5
2026-09-25T18:13:40.538+05:30 INFO [api-prod-1] http: GET /v1/invoices?page=2 200 131ms request_id=req_ce605f8c
2026-09-25T18:14:01.992+05:30 INFO [api-prod-1] http: GET /v1/dashboard/summary 200 20ms request_id=req_2eb841f2
2026-09-25T18:14:32.074+05:30 INFO [api-prod-1] http: POST /v1/invoices 201 104ms request_id=req_554fe065
2026-09-25T18:15:05.335+05:30 INFO [api-prod-1] http: GET /v1/invoices?page=2 200 122ms request_id=req_29e64505
2026-09-25T18:15:37.078+05:30 INFO [api-prod-2] http: GET /v1/invoices?page=1 200 67ms request_id=req_3b8ea79c
2026-09-25T18:16:04.330+05:30 INFO [api-prod-1] http: GET /v1/invoices?status=sent 200 78ms request_id=req_bbccad5d
2026-09-25T18:16:32.135+05:30 INFO [api-prod-1] http: POST /v1/invoices 201 125ms request_id=req_0e85ef66
2026-09-25T18:17:12.013+05:30 INFO [api-prod-2] http: GET /v1/invoices?page=1 200 34ms request_id=req_66239cdc
2026-09-25T18:17:45.812+05:30 INFO [api-prod-2] http: GET /v1/invoices/608 200 116ms request_id=req_bc16c38f
2026-09-25T18:18:01.753+05:30 INFO [api-prod-1] http: GET /v1/invoices?page=2 200 97ms request_id=req_ec502f6c
2026-09-25T18:18:37.379+05:30 INFO [api-prod-2] http: POST /v1/invoices 201 85ms request_id=req_ab9e88e3
2026-09-25T18:18:53.511+05:30 INFO [api-prod-2] http: POST /v1/invoices 201 109ms request_id=req_57929730
2026-09-25T18:19:24.471+05:30 INFO [api-prod-2] http: GET /v1/customers/1063 200 115ms request_id=req_08795f4c
2026-09-25T18:19:58.672+05:30 INFO [api-prod-2] http: GET /v1/invoices?status=sent 200 99ms request_id=req_140db1c7
2026-09-25T18:20:33.306+05:30 INFO [api-prod-2] http: POST /v1/invoices 201 168ms request_id=req_80d9e27d
2026-09-25T18:21:11.917+05:30 INFO [api-prod-1] http: GET /v1/invoices?status=sent 200 128ms request_id=req_dc8b717f
2026-09-25T18:21:45.816+05:30 INFO [api-prod-1] http: GET /v1/invoices/135 200 37ms request_id=req_77f62dab
2026-09-25T18:21:55.570+05:30 INFO [api-prod-2] http: POST /v1/invoices 201 151ms request_id=req_971eba32
2026-09-25T18:22:15.773+05:30 INFO [api-prod-2] http: GET /v1/dashboard/summary 200 28ms request_id=req_badffdfe
2026-09-25T18:22:35.502+05:30 INFO [api-prod-1] http: POST /v1/invoices 201 125ms request_id=req_5f5bbe92
2026-09-25T18:23:01.478+05:30 INFO [api-prod-1] http: GET /v1/invoices?page=2 200 28ms request_id=req_271f7e57
2026-09-25T18:23:10.449+05:30 INFO [api-prod-2] http: POST /v1/invoices 201 178ms request_id=req_088bdbce
2026-09-25T18:23:37.317+05:30 INFO [api-prod-2] http: POST /v1/invoices 201 143ms request_id=req_e5e764ca
2026-09-25T18:24:01.084+05:30 INFO [api-prod-2] http: GET /v1/dashboard/summary 200 32ms request_id=req_8558446f
2026-09-25T18:24:22.798+05:30 INFO [api-prod-1] http: GET /v1/customers/1040 200 79ms request_id=req_8dca3c92
2026-09-25T18:24:58.250+05:30 INFO [api-prod-1] http: GET /v1/invoices?page=1 200 44ms request_id=req_ae34fc79
2026-09-25T18:25:38.807+05:30 INFO [api-prod-1] http: GET /v1/invoices?page=1 200 98ms request_id=req_5b5d5d65
2026-09-25T18:26:14.390+05:30 INFO [api-prod-1] http: POST /v1/invoices 201 132ms request_id=req_865dc3a1
2026-09-25T18:26:35.008+05:30 INFO [api-prod-2] http: GET /v1/invoices/136 200 112ms request_id=req_9fa8b80e
2026-09-25T18:26:54.883+05:30 INFO [api-prod-1] http: GET /v1/invoices/143 200 77ms request_id=req_8d726a29
2026-09-25T18:27:22.200+05:30 INFO [api-prod-1] http: GET /v1/invoices/335 200 96ms request_id=req_3f9ebfbf
2026-09-25T18:28:02.689+05:30 INFO [api-prod-2] http: GET /v1/dashboard/summary 200 46ms request_id=req_cabccfdf
2026-09-25T18:28:34.425+05:30 INFO [api-prod-1] http: GET /v1/invoices/230 200 105ms request_id=req_8040aa60
2026-09-25T18:28:59.324+05:30 INFO [api-prod-1] http: GET /v1/customers/1052 200 125ms request_id=req_57c16f8d
2026-09-25T18:29:18.958+05:30 INFO [api-prod-2] http: POST /v1/invoices 201 163ms request_id=req_18938c78
2026-09-25T18:29:39.159+05:30 INFO [api-prod-1] http: GET /v1/invoices?page=1 200 23ms request_id=req_3078beb4
2026-09-25T18:29:52.545+05:30 INFO [api-prod-1] http: GET /v1/invoices?status=sent 200 24ms request_id=req_034b8833
2026-09-25T18:30:16.663+05:30 INFO [api-prod-1] http: POST /v1/invoices 201 67ms request_id=req_fb718f26
